Affinity,Ancient Wetland,SL-104,Fawn Pro,4316
Affinity,Anherst Crest,SL-108,Sonora Pro,4317
Affinity,Arcadian Rock,SL-70,Latte Pro,4312
Affinity,Asea Stone,SL-58,Beach Pro,4230
Affinity,Auburn Horizon,SL-135,Cocoa Pro,4323
Affinity,Autumn Ridge,SL-88,Beach Pro,4230
Affinity,Basic,ES-01,Winter Pro,4101
Affinity,Bisque,ES-03,Antique Pro,4109
Affinity,Brazilian Onyx,SL-140,Midnight Pro,4532
Affinity,Burnt Riverbed,SL-128,Smoke Pro,4523
Affinity,Chipped Pearl,SL-45,Marble Pro,4106
Affinity,Clean,ES-11,Sand Pro,4216
Affinity,Cracked Diamond,SL-48,Marble Pro,4106
Affinity,Cut Topaz,SL-85,Dune Pro,4310
Affinity,Dream Haze,SL-52,Marble Pro,4106
Affinity,Earthen Crust,SL-117,Mesa Pro,4604
Affinity,Ecru,ES-25,Ice Pro,4218
Affinity,Enbedded Pyrite,SL-125,Rust Pro,4424
Affinity,Fiorito,MJ-380,Meridian Pro,4649
Affinity,Fossilized Ember,SL-116,Sonora Pro,4317
Affinity,Frozen Peak,SL-95,Beach Pro,4230
Affinity,Fundamental,ES-39,Ice Pro,4218
Affinity,Graphite Haze,SL-113,Ice Pro,4218
Affinity,Instinctive,ES-18,Sand Pro,4216
Affinity,Linen,ES-04,Natural Pro,4214
Affinity,Lunar Dream,SL-61,Fog Pro,4200
Affinity,Mesa,ES-31,Fawn Pro,4316
Affinity,Mesquite,ES-37,Toffee Pro,4318
Affinity,Natural Element,SL-63,Beach Pro,4230
Affinity,Necessity,ES-20,Beach Pro,4230
Affinity,Obsidian Crystal,SL-123,Ice Pro,4218
Affinity,Petrified Pumice,SL-90,Beach Pro,4230
Affinity,Polished Citrine,SL-83,Dune Pro,4310
Affinity,Precambrian Stone,SL-77,Camel Pro,4610
Affinity,Prima Star,SL-55,Stone Pro,4222
Affinity,Primal Quatrz,SL-92,Beach Pro,4230
Affinity,Pure,ES-15,Sand Pro,4216
Affinity,Quarry,ES-36,Smoke Pro,4523
Affinity,River Rock,SL-72,Beach Pro,4230
Affinity,Roasted Nutmeg,SL-137,Chocolate Pro,4324
Affinity,Roman Earth,SL-121,Ice Pro,4218
Affinity,Rustic Pearl,SL-69,Beige Pro,4228
Affinity,Rustic Sunset,SL-143,Cameo Pro,4120
Affinity,Scarlet Crystal,SL-127,Smoke Pro,4523
Affinity,Sediment,ES-33,Rust Pro,4424
Affinity,Shale Stone,SL-149,Lava Pro,4521
Affinity,Sifted Fossa,SL-133,Mesa Pro,4604
Affinity,Silt Stone,SL-148,Cream Pro,4232
Affinity,Smokey Quartz,SL-119,Rust Pro,4424
Affinity,Sonora Quarry,SL-82,Latte Pro,4312
Affinity,Speckled Concrete,SL-96,Beach Pro,4230
Affinity,Venetian Terrazzo,SL-99,Cream Pro,4232
Affinity,Viridian Clarity,SL-144,Natural Pro,4214
Affinity,Virtuous,ES-22,Natural Pro,4214
Affinity,Vision Ash,SL-51,Marble Pro,4106
Affinity,Vitality,ES-28,Natural Pro,4214
Affinity,Volcanic Amber,SL-131,Clear Pro,4000
Affinity,Western Slate,SL-75,Camel Pro,4610
Affinity,Winter Frost,SL-53,Canvas Pro,4112
Affinity,Zinc Blende,SL-98,Cream Pro,4232
Allen & Roth Quartz,Alloy,,Pearl Pro,4510
Allen & Roth Quartz,Angel Ash,,Pearl Pro,4510
Allen & Roth Quartz,Ash,,Midnight Pro,4532
Allen & Roth Quartz,Brockeye,,Toffee Pro,4318
Allen & Roth Quartz,Chelan,,Beach Pro,4230
Allen & Roth Quartz,Coho,,Lava Pro,4521
Allen & Roth Quartz,Cortina,,,
Allen & Roth Quartz,Ellensburg,,,
Allen & Roth Quartz,Fairway Rock,,Toffee Pro,4318
Allen & Roth Quartz,Grand Pacific,,Dune Pro,4310
Allen & Roth Quartz,Gruene,,Dune Pro,4310
Allen & Roth Quartz,Inverness,,,
Allen & Roth Quartz,Javasti,,,
Allen & Roth Quartz,Kamari,,Beach Pro,4230
Allen & Roth Quartz,Kelsey Creek,,,
Allen & Roth Quartz,Kenai Red,,Auburn Pro,4330
Allen & Roth Quartz,Magnolia Grove,,,
Allen & Roth Quartz,Magnuson,,,
Allen & Roth Quartz,Mckinley,,Dune Pro,4310
Allen & Roth Quartz,Montlake,,,
Allen & Roth Quartz,Nutmeg,,Cream Pro,4232
Allen & Roth Quartz,Oswego,,,
Allen & Roth Quartz,Palouse,,,
Allen & Roth Quartz,Powderhorn,,Glacier Pro,4111
Allen & Roth Quartz,Saffron,,Beige Pro,4228
Allen & Roth Quartz,Sammamish,,,
Allen & Roth Quartz,Smokey Basin,,Pearl Pro,4510
Allen & Roth Quartz,Sugarbrush,,Marble Pro,4106
Allen & Roth Quartz,Tacana,,Roast Pro,4332
Allen & Roth Quartz,Vashon,,,
Allen & Roth Quartz,Wheat,,Beach Pro,4230
Allen & Roth Quartz,Whidbey,,Pudding Pro,4606
Allen & Roth Solid Surface,Alpine Ridge,,Toffee Pro,4318
Allen & Roth Solid Surface,Antiquity,,Toffee Pro,4318
Allen & Roth Solid Surface,Austin Rock,,,
Allen & Roth Solid Surface,Bay Leaf,,Prairie Pro,4516
Allen & Roth Solid Surface,Beechnut,,Natural Pro,4214
Allen & Roth Solid Surface,Bisque,,Creamy Pro,4707
Allen & Roth Solid Surface,Black Tie,,Midnight Pro,4532
Allen & Roth Solid Surface,Brilliant White,,Chalk Pro,4100
Allen & Roth Solid Surface,Catalina,,Beige Pro,4228
Allen & Roth Solid Surface,Chalk White,,Natural Pro,4214
Allen & Roth Solid Surface,Coral Swarm,,Cream Pro,4232
Allen & Roth Solid Surface,Dew,,Ice Pro,4218
Allen & Roth Solid Surface,Espresso,,Chocolate Pro,4324
Allen & Roth Solid Surface,Gravel Tan,,Dune Pro,4310
Allen & Roth Solid Surface,Hamilton,,,
Allen & Roth Solid Surface,Kemah,,,
Allen & Roth Solid Surface,Kitsap,,,
Allen & Roth Solid Surface,Mendenhall,,,
Allen & Roth Solid Surface,Mist,,Misty Pro,4220
Allen & Roth Solid Surface,Nexus,,Dune Pro,4310
Allen & Roth Solid Surface,Overlake,,,
Allen & Roth Solid Surface,Palladian,,Natural Pro,4214
Allen & Roth Solid Surface,Pebble,,Dune Pro,4310
Allen & Roth Solid Surface,Pink Sand,,Natural Pro,4214
Allen & Roth Solid Surface,River Rock,,Pudding Pro,4606
Allen & Roth Solid Surface,Rocky Sand,,Misty Pro,4220
Allen & Roth Solid Surface,Sanctuary,,Sand Pro,4216
Allen & Roth Solid Surface,Sandy White,,Natural Pro,4214
Allen & Roth Solid Surface,Shady Acres,,,
Allen & Roth Solid Surface,Sidewalk,,Dune Pro,4310
Allen & Roth Solid Surface,Slate,,Mesa Pro,4604
Allen & Roth Solid Surface,Slate Sage,,Pudding Pro,4606
Allen & Roth Solid Surface,Soft White,,Marble Pro,4106
Allen & Roth Solid Surface,Sunwashed,,Beige Pro,4228
Allen & Roth Solid Surface,Terra Cotta,,Rust Pro,4424
Allen & Roth Solid Surface,Toffee,,Cocoa Pro,4323
Allen & Roth Solid Surface,White,,Winter Pro,4101
Allen & Roth Solid Surface,Wildflower,,Mesa Pro,4604
Avonite,Adobe Brown,C1-1700,Mesa Pro,4604
Avonite,Algodon,F1-7713,Fog Pro,4200
Avonite,Amazon,K3-8460,Olive Pro,4520
Avonite,Amber Glass,K3-8560,Clear Pro,4000
Avonite,Antique Glass,K3-8455,Clear Pro,4000
Avonite,Argent,K3-8565,Shale Pro,4525
Avonite,Arroyo,F1-7936,Fawn Pro,4316
Avonite,Artica,F1-9065,Fog Pro,4200
Avonite,Aspen,F1-9105,Stone Pro,4222
Avonite,Autumn Wheat,K3-7725,Clear Pro,4000
Avonite,Avalanche,F1-7500,Fog Pro,4200
Avonite,Aztec Brown,K3-7700,Fawn Pro,4316
Avonite,Azurite,K3-8550,Clear Pro,4000
Avonite,Back Roads,K1-6640,Midnight Pro,4532
Avonite,Biscotti,F1-9033,Dune Pro,4310
Avonite,Black Coral,F1-9125,Midnight Pro,4532
Avonite,Black Ice,K3-7100,Clear Pro,4000
Avonite,Black Lava,F1-9020,Lava Pro,4521
Avonite,Blue Moon,F1-7745,Pewter Pro,4518
Avonite,Blue Mountain,,,
Avonite,Blue Pearl,K3-8000,Shale Pro,4525
Avonite,Boardwalk,F1-7921,Cream Pro,4232
Avonite,Bone,F1-8010,Vanilla Pro,4105
Avonite,Brazilian Blue,K3-8100,Thunder Pro,4522
Avonite,Bronze,F1-7830,Olive Pro,4520
Avonite,Brown Sugar,K1-6641,Chocolate Pro,4324
Avonite,Cairo,F1-9130,Sand Pro,4216
Avonite,Canary,f1-7554,Natural Pro,4214
Avonite,Casablanca,F1-9137,Beach Pro,4230
Avonite,Cat Eye,K3-8330,Clear Pro,4000
Avonite,Cavern,F1-7821,Pudding Pro,4606
Avonite,Cement,K3-8425,Thunder Pro,4522
Avonite,Chocolate Silk,K3-8342,Auburn Pro,4330
Avonite,Cirrus,K3-8603,Clear Pro,4000
Avonite,Cliffside,F1-7931,Mesa Pro,4604
Avonite,Coastal Green,,,
Avonite,Coastline,F1-4310,Natural Pro,4214
Avonite,Cobalt Glass,K3-8485,Clear Pro,4000
Avonite,Copper Canyon,K3-8570,Clear Pro,4000
Avonite,Coppermine,K3-8490,Clear Pro,4000
Avonite,Cordoba,F1-9234,Beach Pro,4230
Avonite,Cosmic Penny,,,
Avonite,Cotton Wood,K1-6600,Marble Pro,4106
Avonite,Cozumel,K3-8575,Canvas Pro,4112
Avonite,Crater,,,
Avonite,Crème,F1-8024,Malt Pro,4624
Avonite,Crushed Lava,K3-8575,Willow Pro,4314
Avonite,Cypress,F1-9085,Clear Pro,4000
Avonite,Dakota Rust,K3-7900,Clear Pro,4000
Avonite,Dark Bright,F1-7735,Pudding Pro,4606
Avonite,Dark Roast,F1-7735,Chocolate Pro,4324
Avonite,Desert Ridge,K1-6635,Beige Pro,4228
Avonite,Desert Tan,C1-2250,Cream Pro,4232
Avonite,Driftwood,F1-9038,Cream Pro,4232
Avonite,El Cajon,,Beige Pro,4228
Avonite,Fargo,F1-9138,Dune Pro,4310
Avonite,Frosted Glass,K3-8480,Clear Pro,4000
Avonite,Ginger,,,
Avonite,Goldmine,K3-8495,Clear Pro,4000
Avonite,Good Earth Red,F1-7940,Maroon Pro,4613
Avonite,Gulf Coast,F1-7710,Stone Pro,4222
Avonite,Hazelnut,F1-7557,Beige Pro,4228
Avonite,High Desert,F1-9037,Cream Pro,4232
Avonite,Honey Crunch,F1-4330,Fog Pro,4200
Avonite,Icecap,F1-7550,Newport Pro,4116
Avonite,Infinity,F1-7845,Cobalt Pro,4607
Avonite,Ivory,F1-8106,Natural Pro,4214
Avonite,Jicama,K1-6625,Beach Pro,4230
Avonite,Juneau,F1-9116,Fog Pro,4200
Avonite,Jurassic,F1-7711,Beach Pro,4230
Avonite,Kaleidoscope,K3-8200,Canvas Pro,4112
Avonite,Khaki,F1-4330,Fawn Pro,4316
Avonite,Kokoura,F1-9117,Marble Pro,4106
Avonite,Lagoon,F1-9061,Clear Pro,4000
Avonite,Limestone,C1-1610,Stone Pro,4222
Avonite,Malt,F1-7810,Natural Pro,4214
Avonite,Martian Sunset,,,
Avonite,Meadow Grass,F1-7730,Prairie Pro,4516
Avonite,Mesa Brown,F1-9040,Mesa Pro,4604
Avonite,Midnight Sky,G3-1050,Midnight Pro,4532
Avonite,Moon Crystal,F1-7501,Natural Pro,4214
Avonite,Moon Dust,K3-6615,Sonora Pro,4317
Avonite,Morning Tundra,F1-7503,Sonora Pro,4317
Avonite,Moss Frost,K3-8310,Clear Pro,4000
Avonite,Neptune,K3-8601,Clear Pro,4000
Avonite,New Caldron,K3-8320,Clear Pro,4000
Avonite,New Castle,F1-7920,Lava Pro,4521
Avonite,Night Pearl,K3-8580,Midnight Pro,4532
Avonite,Night Shadow,F1-9024,Midnight Pro,4532
Avonite,Nordic,F1-9119,Fog Pro,4200
Avonite,Nougat,K3-8500,Stone Pro,4222
Avonite,Olivine,F1-9154,Olive Pro,4520
Avonite,Painted Desert,F1-7740,Misty Pro,4220
Avonite,Palermo,F1-9144,Sonora Pro,4317
Avonite,Palm Desert,K1-6638,Fawn Pro,4316
Avonite,Pearl,K3-8343,Sand Pro,4216
Avonite,Perlino Verde,K3-7600,Clear Pro,4000
Avonite,Pinon,F1-7912,Dune Pro,4310
Avonite,Pistachio,K3-8450,Fog Pro,4200
Avonite,Platinum Gray,K3-7700,Thunder Pro,4522
Avonite,Pumice,F1-9032,Stone Pro,4222
Avonite,Quick Sand,F1-7932,Natural Pro,4214
Avonite,Raw Cotton,F1-9016,Stone Pro,4222
Avonite,Recycled White,F1-8869,Winter Pro,4101
Avonite,Red Rock,F1-7743,Rust Pro,4424
Avonite,River Moss,F1-9058,Mesa Pro,4604
Avonite,Royal Sapphire,G3-1660,Clear Pro,4000
Avonite,Ruby Glass,K3-8420,Clear Pro,4000
Avonite,Saffron,K3-8410,Fog Pro,4200
Avonite,Sandpiper,K1-6200,Beach Pro,4230
Avonite,Sandstorm,F1-9036,Beach Pro,4230
Avonite,Shark Skin,F1-7556,Pewter Pro,4518
Avonite,Sherwood Green,G3-1650,Clear Pro,4000
Avonite,Silver Comet,K3-8585,Thunder Pro,4522
Avonite,Sirocco,K3-8600,Clear Pro,4000
Avonite,Sky Glass,K3-8465,Clear Pro,4000
Avonite,Snowstorm,K1-6300,Marble Pro,4106
Avonite,Spanish Moss,,,
Avonite,Star Shine,F1-7820,Midnight Pro,4532
Avonite,Stormy Gray,F1-9010,Pearl Pro,4510
Avonite,Summer,,,
Avonite,Super White,F1-8026,Winter Pro,4101
Avonite,Tango,F1-7552,Tango Pro,4626
Avonite,Teal Steel,K3-8341,Clear Pro,4000
Avonite,Terrene,,,
Avonite,Thunder Bay,F1-7720,Pewter Pro,4518
Avonite,Tuscan Gold,,,
Avonite,Tusk,K3-8340,Clear Pro,4000
Avonite,Wasabi Shadow,K3-8315,Midnight Pro,4532
Avonite,White,F1-8026,Winter Pro,4101
Avonite,White Gold,K1-6605,Canvas Pro,4112
Avonite,White Sands,K1-6636,Beige Pro,4228
Avonite,Willow,K3-7800,Misty Pro,4220
Basix,Acadia,691,Marble Pro,4106
Basix,Autumn,203,Natural Pro,4214
Basix,Aztec,565,Toffee Pro,4318
Basix,Bayshore,665,Fog Pro,4200
Basix,Bright White,518,Chalk Pro,4100
Basix,Calm,518,Winter Pro,4101
Basix,Calypso,397,Marble Pro,4106
Basix,Castle Path,575,Khaki Pro,4236
Basix,Catalina,210,Natural Pro,4214
Basix,Constellation,4211,Midnight Pro,4532
Basix,Dakota,146,Toffee Pro,4318
Basix,Glacier Lake,579,Marble Pro,4106
Basix,Harmony,710,Fog Pro,4200
Basix,Homestead,4790,Marble Pro,4106
Basix,Ivory,410,Cameo Pro,4120
Basix,Laurel Bay,730,Natural Pro,4214
Basix,Legacy,4800,Khaki Pro,4236
Basix,Maple Lane,585,Latte Pro,4312
Basix,Mesa,4789,Dune Pro,4310
Basix,Navajo,290,Pudding Pro,4606
Basix,Speckle,707,Marble Pro,4106
Basix,Summit,819,Natural Pro,4214
Basix,Tahiti,435,Pudding Pro,4606
Basix,Warmth,101,Cameo Pro,4120
Basix,Wild Oats,555,Latte Pro,4312
Basix,Windsor,586,Natural Pro,4214
Basix Quartz,Alabaster,8028,Winter Pro,4101
Basix Quartz,Apache,2120,Misty Pro,4220
Basix Quartz,Cobblestone,5045,Latte Pro,4312
Basix Quartz,Dream Catcher,2001,Marble Pro,4106
Basix Quartz,Greystone,1014,Pudding Pro,4606
Basix Quartz,Latte,1007,Toffee Pro,4318
Basix Quartz,Mink,1020,Pudding Pro,4606
Basix Quartz,Mystic,1111,Fog Pro,4200
Basix Quartz,Opulence,5046,Mocha Pro,4322
Basix Quartz,Ore,5034,Latte Pro,4312
Basix Quartz,Pristine,1000,Marble Pro,4106
Basix Quartz,Sand Dollar,1011,Marble Pro,4106
Basix Quartz,Twilight,2100,Marble Pro,4106
Caesarstone,Absolute Noir,6100,Midnight Pro,4532
Caesarstone,Amazon Green,,,
Caesarstone,Apple Martini,2710,Lime Pro,4632
Caesarstone,Atlantic Salt,6270,Fog Pro,4200
Caesarstone,Baja,3200,Beach Pro,4230
Caesarstone,Basalt Black,6185,Midnight Pro,4532
Caesarstone,Bedrock,6370,Mocha Pro,4322
Caesarstone,Belgian Moon,4100,Midnight Pro,4532
Caesarstone,Black Rocks,4170,Shale Pro,4525
Caesarstone,Blizzard,2141,Glacier Pro,4111
Caesarstone,Blue Ridge,,,
Caesarstone,Buttermilk,4220,Flax Pro,4627
Caesarstone,Carbone,7150,Shale Pro,4525
Caesarstone,Carmel,9350,Caramel Pro,4234
Caesarstone,Cement,,,
Caesarstone,Champagne Limestone,2400,Earth Pro,4628
Caesarstone,Charcoal,,,
Caesarstone,Chocolate Truffle,6350,Caramel Pro,4234
Caesarstone,Cinder,2020,Cream Pro,4232
Caesarstone,Concrete,2003,Lava Pro,4521
Caesarstone,Copper Abyss,,,
Caesarstone,Copper Canyon,9480,Auburn Pro,4330
Caesarstone,Crème Limestone,,,
Caesarstone,Dakota Bluffs,,,
Caesarstone,Dalmatian,,,
Caesarstone,Deep Ocean,4550,Shale Pro,4525
Caesarstone,Desert Limestone,2200,Flax Pro,4627
Caesarstone,Dreamy Marfil,5220,,
Caesarstone,Dusty Stones,,Pearl Pro,4510
Caesarstone,Ebony Reflections,,,
Caesarstone,Eggshell,3141,Glacier Pro,4111
Caesarstone,Emperadoro,5380,,
Caesarstone,Espresso,3380,Chocolate Pro,4324
Caesarstone,Fair Lady,,,
Caesarstone,Forest Green,,,
Caesarstone,Free Spirit,,,
Caesarstone,Frosty Carrina,5141,,
Caesarstone,Ginger,4330,,
Caesarstone,Glacier,,,
Caesarstone,Gold Abyss,6120,Midnight Pro,4532
Caesarstone,Haze,2030,Stone Pro,4222
Caesarstone,Ice Snow,,,
Caesarstone,Ivory,,,
Caesarstone,Ivory Shimmer,,,
Caesarstone,Jerusalem Sand,4250,Manilla Pro,4231
Caesarstone,Jet Black,3100,,
Caesarstone,Lagos Blue,4350,Mesa Pro,4604
Caesarstone,Late Autumn,6380,Chocolate Pro,4324
Caesarstone,Linen,2230,Cream Pro,4232
Caesarstone,London Gray,5000,,
Caesarstone,Maharaja,,,
Caesarstone,Mangrove,,,
Caesarstone,Marrone,7250,Mesa Pro,4604
Caesarstone,Metallic Black,7185,Midnight Pro,4532
Caesarstone,Metallic Brown,,,
Caesarstone,Misty Carrera,4141,Fog Pro,4200
Caesarstone,Mocha,2370,Sonora Pro,4317
Caesarstone,Mojave Sunset,,,
Caesarstone,Night Shadow,,,
Caesarstone,Nougat,6600,Glacier Pro,4111
Caesarstone,Ocean Foam,6141,,
Caesarstone,Ocean Palace,,,
Caesarstone,Organic White,4600,Glacier Pro,4111
Caesarstone,Oyster,9601,Canvas Pro,4112
Caesarstone,Pebble,4030,Pearl Pro,4510
Caesarstone,Peppercorn,,,
Caesarstone,Piatra Gray,5003,,
Caesarstone,Pure White,1141,Winter Pro,4101
Caesarstone,Quartz Reflections,7141,Fog Pro,4200
Caesarstone,Queen Of Hearts,,,
Caesarstone,Queen Of Sheba,,,
Caesarstone,Raven,4120,Shale Pro,4525
Caesarstone,Red Shimmer,3452,,
Caesarstone,Rosemary,2740,Prairie Pro,4516
Caesarstone,Ruby Reflections,7450,Ruby Pro,4629
Caesarstone,Sage,,,
Caesarstone,Salmon,,,
Caesarstone,Sandy Beach,,,
Caesarstone,Savannah,9205,Beach Pro,4230
Caesarstone,Shitake,4230,Dune Pro,4310
Caesarstone,Sierra,9255,Manilla Pro,4231
Caesarstone,Silver Spell,,,
Caesarstone,Smokey Ash,6140,Shale Pro,4525
Caesarstone,Spring Blossom,7200,Marble Pro,4106
Caesarstone,Starry Night,7080,Shale Pro,4525
Caesarstone,Swan Lake,,,
Caesarstone,Urban,,,
Caesarstone,Verde,,,
Caesarstone,White Shimmer,,,
Caesarstone,White Ash,9260,Beige Pro,4228
Caesarstone,White Sands,,,
Caesarstone,Wild Rice,4360,Mesa Pro,4604
Caesarstone,Wild Rocks,6250,Lava Pro,4521
Cambria,Aberdeen,,,
Cambria,Aragon,,Beach Pro,4230
Cambria,Armitage,,,
Cambria,Ashford,,Mocha Pro,4322
Cambria,Bala Blue,,Ice Pro,4218
Cambria,Bellingham,,,
Cambria,Berkeley,,Dune Pro,4310
Cambria,Blackwood,,Midnight Pro,4532
Cambria,Bradford,,Lava Pro,4521
Cambria,Bradshaw,,Misty Pro,4220
Cambria,Braemar,,,
Cambria,Brecon Brown,,Caramel Pro,4234
Cambria,Brentwood,,Pewter Pro,4518
Cambria,Bristol Blue,,Lava Pro,4521
Cambria,Brownhill,,,
Cambria,Buckingham,,,
Cambria,Burnbury,,Auburn Pro,4330
Cambria,Burton Brown,,Caramel Pro,4234
Cambria,Caerphilly Green,,Midnight Pro,4532
Cambria,Cambrian Black,,Midnight Pro,4532
Cambria,Cambrian Gold,,Beach Pro,4230
Cambria,Canterbury,,Caramel Pro,4234
Cambria,Cardiff Cream,,,
Cambria,Carlisle Grey,,Cream Pro,4232
Cambria,Carmarthen Brown,,Auburn Pro,4330
Cambria,Castell,,Slate Pro,4512
Cambria,Charston,,Midnight Pro,4532
Cambria,Chatham,,Mocha Pro,4322
Cambria,Cherrybrook,,Mocha Pro,4322
Cambria,Clyde,,Caramel Pro,4234
Cambria,Collybrook,,Mesa Pro,4604
Cambria,Coswell Cream,,Flax Pro,4627
Cambria,Cranbrook,,Fawn Pro,4316
Cambria,Cuddington,,Canvas Pro,4112
Cambria,Darlington,,,
Cambria,Devon,,Mesa Pro,4604
Cambria,Dovedale,,Glacier Pro,4111
Cambria,Dover,,Dune Pro,4310
Cambria,Durham,,Shale Pro,4525
Cambria,Edinburough,,Midnight Pro,4532
Cambria,Ferndale,,Prairie Pro,4516
Cambria,Fieldstone,,Lava Pro,4521
Cambria,Flint Black,,Midnight Pro,4532
Cambria,Greystone,,Pewter Pro,4518
Cambria,Halstead,,Mesa Pro,4604
Cambria,Hamilton,,,
Cambria,Hazelford,,Cocoa Pro,4323
Cambria,Henley,,Shale Pro,4525
Cambria,Hollinsbrook,,,
Cambria,Hyde Park,,Khaki Pro,4236
Cambria,Kensington,,Shale Pro,4525
Cambria,Kingston,,Mesa Pro,4604
Cambria,Lancaster,,Cream Pro,4232
Cambria,Laneshaw,,,
Cambria,Lincolnshire,,Caramel Pro,4234
Cambria,Linwood,,Caramel Pro,4234
Cambria,Minera,,,
Cambria,New Brighton,,Ice Pro,4218
Cambria,New Castle,,Sand Pro,4216
Cambria,New Haven,,Sonora Pro,4317
Cambria,New Quay,,,
Cambria,Newport,,,
Cambria,Nottingham,,Shale Pro,4525
Cambria,Oakhampton,,Chocolate Pro,4324
Cambria,Oxford,,Mocha Pro,4322
Cambria,Oxwich Green,,Shale Pro,4525
Cambria,Park Gate,,Pudding Pro,4606
Cambria,Parys,,Thunder Pro,4522
Cambria,Praa Sands,,,
Cambria,Preston,,Ice Pro,4218
Cambria,Reading,,Mocha Pro,4322
Cambria,Rosslyn,,,
Cambria,Sanford,,Manilla Pro,4231
Cambria,Sharpham,,,
Cambria,Sheffield,,Lava Pro,4521
Cambria,Shirebrook,,,
Cambria,Snowdon,,Marble Pro,4106
Cambria,Somerset,,Hazel Pro,4432
Cambria,Southampton,,Shale Pro,4525
Cambria,Stafford Brown,,,
Cambria,Sussex,,,
Cambria,Sutton,,Beach Pro,4230
Cambria,Talbot Grey,,Pearl Pro,4510
Cambria,Templeton,,Snow Pro,4108
Cambria,Tenby Cream,,Beach Pro,4230
Cambria,Torquay,,,
Cambria,Victoria,,Beach Pro,4230
Cambria,Waterford,,Shale Pro,4525
Cambria,Waverton,,Fog Pro,4200
Cambria,Wellington,,,
Cambria,Welshpool Black,,Midnight Pro,4532
Cambria,Westminster,,,
Cambria,Whitecliff,,Glacier Pro,4111
Cambria,Whitehall,,,
Cambria,Whitney,,Marble Pro,4106
Cambria,Williston,,Lava Pro,4521
Cambria,Wilshire Red,,Midnight Pro,4532
Cambria,Winchester,,Caramel Pro,4234
Cambria,Windermere,,,
Cambria,Windsor,,Fawn Pro,4316
Cambria,Yorkshire,,Flax Pro,4627
Corian,Abalone,,Natural Pro,4214
Corian,Acadia,,,
Corian,Acorn,,Latte Pro,4312
Corian,Adobe,,Adobe Pro,4608
Corian,Allspice,,Mocha Pro,4322
Corian,Aloe Vera,,Pearl Pro,4510
Corian,Antarctica,,Fog Pro,4200
Corian,Anthracite,,Roast Pro,4332
Corian,Aqua,,Misty Pro,4220
Corian,Aqualite,,Pewter Pro,4518
Corian,Arctic Blueberry,,Misty Pro,4220
Corian,Arctic Ice,,Satin Pro,4110
Corian,Arctic Lime,,Misty Pro,4220
Corian,Arctic Mint,,Misty Pro,4220
Corian,Arctic Strawberry,,Misty Pro,4220
Corian,Arrowroot,,Fog Pro,4200
Corian,Aruba,,Pewter Pro,4518
Corian,Atlantis,,Cobalt Pro,4607
Corian,Aubergine,,Pudding Pro,4606
Corian,Aurora,,Natural Pro,4214
Corian,Aztec Gold,,Gold Pro,4609
Corian,Azure,,Clear Pro,4000
Corian,Azurite,,Misty Pro,4220
Corian,Basil,,Hazel Pro,4432
Corian,Beach,,Sand Pro,4216
Corian,Beach Glass,,Natural Pro,4214
Corian,Bedford Marble,,,
Corian,Beige Fieldstone,,Sand Pro,4216
Corian,Bethany,,Dune Pro,4310
Corian,Bisque,,Natural Pro,4214
Corian,Black Quartz,,Coal Pro,4530
Corian,Blackberry Ice,,Roast Pro,4332
Corian,Blizzard,,Natural Pro,4214
Corian,Blue Crush,,,
Corian,Blue Pebble,,Pearl Pro,4510
Corian,Blue Ridge,,Misty Pro,4220
Corian,Blue Spice,,Shale Pro,4525
Corian,Blueberry Ice,,Misty Pro,4220
Corian,Bone,,Buff Pro,4210
Corian,Bronze Patina,,Roast Pro,4332
Corian,Bronzite,,Pudding Pro,4606
Corian,Burled Beach,,Beach Pro,4230
Corian,Burnt Amber,,Mesa Pro,4604
Corian,Butter Cream,,Snow Pro,4108
Corian,Camel,,Camel Pro,4610
Corian,Cameo White,,Cameo Pro,4120
Corian,Canvas,,Stone Pro,4222
Corian,Canyon,,Mocha Pro,4322
Corian,Carribean,,Natural Pro,4214
Corian,Chamois,,Dune Pro,4310
Corian,Champagne,,,
Corian,Cilantro,,Misty Pro,4220
Corian,Cinnabar,,Rust Pro,4424
Corian,Cirrus White,,Bright Pro,4102
Corian,Clam Shell,,Stone Pro,4222
Corian,Clove,,Clove Pro,4611
Corian,Cobalt,,Clear Pro,4000
Corian,Cocoa Brown,,Auburn Pro,4330
Corian,Concrete,,Cream Pro,4232
Corian,Copperite,,Clove Pro,4611
Corian,Cottage Lane,,Stone Pro,4222
Corian,Deep Sea,,Thunder Pro,4522
Corian,Delta Sand,,Natural Pro,4214
Corian,Desert,,Toffee Pro,4318
Corian,Desert Springs,,Canvas Pro,4112
Corian,Designer White,,Chalk Pro,4100
Corian,Doeskin,,Sonora Pro,4317
Corian,Dove,,Pearl Pro,4510
Corian,Dusk,,Pearl Pro,4510
Corian,Earth,,Chocolate Pro,4324
Corian,Eclipse,,Pearl Pro,4510
Corian,Ecru,,Marble Pro,4106
Corian,Egyptian Copper,,Copper Pro,4418
Corian,Elderberry,,Cobalt Pro,4607
Corian,Emerald,,Clear Pro,4000
Corian,Everest,,Fog Pro,4200
Corian,Evergreen,,Misty Pro,4220
Corian,Fawn,,Willow Pro,4314
Corian,Festival,,Canvas Pro,4112
Corian,Flint,,Thunder Pro,4522
Corian,Fossil,,Canvas Pro,4112
Corian,Glacier Ice,,Snow Pro,4108
Corian,Glacier White,,Glacier Pro,4111
Corian,Gobi,,Caramel Pro,4234
Corian,Granola,,Dune Pro,4310
Corian,Graphite Blue,,Ocean Pro,4614
Corian,Gravel,,Shale Pro,4525
Corian,Gray Fieldstone,,Pewter Pro,4518
Corian,Graylite,,Lava Pro,4521
Corian,Green Tea,,Snow Pro,4108
Corian,Hazelnut,,Misty Pro,4220
Corian,Hickory Smoke,,Gold Pro,4609
Corian,Hot,,Hot Pro,4617
Corian,Jasmine,,Newport Pro,4116
Corian,Juniper,,Slate Pro,4512
Corian,Kilimanjaro,,,
Corian,Kiwi,,Kiwi Pro,4620
Corian,Laurel Branch,,,
Corian,Lava Rock,,Lava Pro,4521
Corian,Lavendar,,Misty Pro,4220
Corian,Lilac,,Lilac Pro,4618
Corian,Lime Ice,,Misty Pro,4220
Corian,Linen,,Natural Pro,4214
Corian,Macadam,,Thunder Pro,4522
Corian,Malachite,,Misty Pro,4220
Corian,Mandarin,,Mandarin Pro,4619
Corian,Mardi Gras,,Coal Pro,4530
Corian,Matterhorn,,Fawn Pro,4316
Corian,Maui,,Mesa Pro,4604
Corian,Medea,,Mesa Pro,4604
Corian,Mediterranean,,Thunder Pro,4522
Corian,Midnight,,Shale Pro,4525
Corian,Mineral,,Thunder Pro,4522
Corian,Mint Ice,,Misty Pro,4220
Corian,Mojave,,Dune Pro,4310
Corian,Mont Blanc,,Pearl Pro,4510
Corian,Mosaic,,,
Corian,Moss,,Olive Pro,4520
Corian,Natural Gray,,Cameo Pro,4120
Corian,Natural Pearl,,Pearl Pro,4510
Corian,Night Sky,,Coal Pro,4530
Corian,Nocturne,,Coal Pro,4530
Corian,Oat,,Dune Pro,4310
Corian,Oceanic,,Thunder Pro,4522
Corian,Ochre,,Fawn Pro,4316
Corian,Olive,,Misty Pro,4220
Corian,Olivite,,Olive Pro,4520
Corian,Oyster,,Stone Pro,4222
Corian,Peach,,Misty Pro,4220
Corian,Pearl Gray,,Misty Pro,4220
Corian,Pebble,,Toffee Pro,4318
Corian,Pepper Ivory,,Pearl Pro,4510
Corian,Pewter,,,
Corian,Piazza,,,
Corian,Pine,,Toffee Pro,4318
Corian,Platinum,,Pewter Pro,4518
Corian,Pompeii Red,,Maroon Pro,4613
Corian,Prairie,,Prairie Pro,4516
Corian,Primrose,,Misty Pro,4220
Corian,Pyrenees,,Natural Pro,4214
Corian,Raffia,,Manilla Pro,4231
Corian,Rain Cloud,,Fog Pro,4200
Corian,Rain Forest,,Shale Pro,4525
Corian,Ravine,,,
Corian,Raw Silk,,Dune Pro,4310
Corian,Rice Paper,,Glacier Pro,4111
Corian,Riviera,,Beige Pro,4228
Corian,Rosemary,,Willow Pro,4314
Corian,Rosetta,,Pearl Pro,4510
Corian,Ruby,,Auburn Pro,4330
Corian,Rye,,Beige Pro,4228
Corian,Saffron,,Natural Pro,4214
Corian,Sage,,,
Corian,Sage Graystone,,,
Corian,Sagebrush,,Pearl Pro,4510
Corian,Sahara,,Natural Pro,4214
Corian,Sand,,Dune Pro,4310
Corian,Sandalwood,,Natural Pro,4214
Corian,Sandstone,,Stone Pro,4222
Corian,Savannah,,Natural Pro,4214
Corian,Sea Salt,,,
Corian,Seafoam,,Misty Pro,4220
Corian,Seagrass,,Misty Pro,4220
Corian,Seashell,,Cream Pro,4232
Corian,Sequoia,,Misty Pro,4220
Corian,Serene Sage,,Fawn Pro,4316
Corian,Shale,,Shale Pro,4525
Corian,Shoreline,,,
Corian,Silt,,Lava Pro,4521
Corian,Silver Birch,,Fog Pro,4200
Corian,Silver Gray,,Misty Pro,4220
Corian,Silverite,,Newport Pro,4116
Corian,Slate,,,
Corian,Sonora,,Toffee Pro,4318
Corian,Sorrel,,Shale Pro,4525
Corian,Spruce,,Prairie Pro,4516
Corian,Stardust,,Pewter Pro,4518
Corian,Stone Harbor,,Thunder Pro,4522
Corian,Stone Washed,,Misty Pro,4220
Corian,Storm Blue,,Ocean Pro,4614
Corian,Strawberry Ice,,Misty Pro,4220
Corian,Suede,,Fawn Pro,4316
Corian,Sun,,Sun Pro,4615
Corian,Sunset,,Misty Pro,4220
Corian,Tarragon,,Misty Pro,4220
Corian,Tea Rose,,Misty Pro,4220
Corian,Terra,,,
Corian,Thyme,,Hazel Pro,4432
Corian,Tranquil,,Fog Pro,4200
Corian,Tumbled Glas,,Fog Pro,4200
Corian,Tumbleweed,,Dune Pro,4310
Corian,Tundra,,,
Corian,Vanilla,,Vanilla Pro,4105
Corian,Venaro White,,Cameo Pro,4120
Corian,Verde,,Verde Pro,4616
Corian,Warm Soapstone,,,
Corian,Whipped Cream,,Natural Pro,4214
Corian,Whisper,,Fog Pro,4200
Corian,White Jasmine,,Glacier Pro,4111
Corian,Whitecap,,Glacier Pro,4111
Corian,Willow,,Stone Pro,4222
Corian,Winter Wheat,,Stone Pro,4222
Corian,Witch Hazel,,Natural Pro,4214
Dekton,Ananke,,Roast Pro,4332
Dekton,Ariane,,Winter Pro,4101
Dekton,Danae,,Canvas Pro,4112
Dekton,Domoos,,Roast Pro,4332
Dekton,Kadum,,Auburn Pro,4330
Dekton,Keranium,,Chocolate Pro,4324
Dekton,Sirius,,Roast Pro,4332
Dekton,Sirocco,,Pearl Pro,4510
Dekton,Strato,,Pearl Pro,4510
Dekton,Zenith,,Winter Pro,4101
Diresco,Beach Black,A075,Midnight Pro,4532
Diresco,Beach Dark Grey,A650,Lava Pro,4521
Diresco,Beach Iceberg,A300,Winter Pro,4101
Diresco,Beach Medium Grey,A600,Lava Pro,4521
Diresco,Beach Taupe,A700,Pudding Pro,4606
Diresco,Beach White,A200,Winter Pro,4101
Diresco,Belgian Blue,B007,Shale Pro,4525
Diresco,Belgian Buxy Grey,B008,Lava Pro,4521
Diresco,Belgian Orinoco Brown,B010,Pudding Pro,4606
Diresco,Divinity Beige,A047,Dune Pro,4310
Diresco,Divinity Black,A035,Midnight Pro,4532
Diresco,Divinity Clay,A058,Fawn Pro,4316
Diresco,Divinity Crema,A056,Earth Pro,4628
Diresco,Divinity Ivory,A052,Slate Pro,4512
Diresco,Divinity White,A054,Fog Pro,4200
Diresco,Misty Bruna,A019,Pudding Pro,4606
Diresco,Misty Caramel,A021,Fawn Pro,4316
Diresco,Premium Cobalt Grey,P600,Lava Pro,4521
Diresco,Premium Cotton Beige,P100,Flax Pro,4627
Diresco,Premium Cuba Brown,P300,Toffee Pro,4318
Diresco,Premium Dolphin Grey,P500,Slate Pro,4512
Diresco,Pure White,A250,Glacier Pro,4111
Diresco,Risotto Brown,A550,Mocha Pro,4322
Diresco,Risotto Crema,A500,Canvas Pro,4112
Diresco,Supreme White,S100,Winter Pro,4101
DuraLosa,Avena,,Winter Pro,4101
DuraLosa,Canela,,Winter Pro,4101
DuraLosa,Casca,,Toscana Pro,4648
DuraLosa,Castano,,Midnight Pro,4532
DuraLosa,Cervato,,Winter Pro,4101
DuraLosa,Cuero,,Sonora Pro,4317
DuraLosa,Ebano,,Pudding Pro,4606
DuraLosa,Piedra,,Lava Pro,4521
DuraLosa,Pizarra,,Sonora Pro,4317
DuraLosa,Rustico,,Toscana Pro,4648
DuraLosa,Sombra,,Cloud Pro,4118
EcoTec,Aztec,,Rust Pro,4424
EcoTec,Beach,,Sand Pro,4216
EcoTec,Carnival,,Fawn Pro,4316
EcoTec,Cinnimon,,Toffee Pro,4318
EcoTec,Desert,,Thunder Pro,4522
EcoTec,French Vanilla,,Satin Pro,4110
EcoTec,Graphite,,Pewter Pro,4518
EcoTec,Havana,,Toffee Pro,4318
EcoTec,Mossy Creek,,Olive Pro,4520
EcoTec,Quarry Stone,,Sand Pro,4216
EcoTec,Sand,,Dune Pro,4310
EcoTec,Sand Dune,,Dune Pro,4310
EcoTec,Sand Pebbles,,Sand Pro,4216
EOS,Acadia,,,
EOS,Alleghany,,,
EOS,Astoria,,,
EOS,Barrington,,Latte Pro,4312
EOS,Bristol,,Mesa Pro,4604
EOS,Cardiff,,Fawn Pro,4316
EOS,Carmel,,Toffee Pro,4318
EOS,Del Mar,,Mesa Pro,4604
EOS,Desert Pebble,,,
EOS,Dover,,Pearl Pro,4510
EOS,Dune Sand,,,
EOS,Duxbury,,,
EOS,Galveston,,Beach Pro,4230
EOS,Glacier White,,Winter Pro,4101
EOS,Green Pebble,,,
EOS,Grey Pebble,,,
EOS,Halifax,,Cream Pro,4232
EOS,Hatteras,,Stone Pro,4222
EOS,Malibu,,Natural Pro,4214
EOS,Marine Pebble,,,
EOS,Montauk,,Pudding Pro,4606
EOS,Monterey,,,
EOS,Newport,,Cream Pro,4232
EOS,Pacifica,,,
EOS,Piedmont,,,
EOS,Portland,,Prairie Pro,4516
EOS,Sanbridge,,Fog Pro,4200
EOS,Sonoma,,Prairie Pro,4516
EOS,Tacoma,,,
EOS,White Pebble,,,
Fiandre - StonePeak,Calacatta Vena Honed,,Natural Pro,4214
Fiandre - StonePeak,Copper Plane Chrome,,Mocha Pro,4322
Fiandre - StonePeak,Fantasy Bright Polish,,Marble Pro,4106
Fiandre - StonePeak,Fantasy Cloud,,Natural Pro,4214
Fiandre - StonePeak,Fantasy Gold Polish,,Natural Pro,4214
Fiandre - StonePeak,Paonazzetto Vena Polish,,Marble Pro,4106
Fiandre - StonePeak,Silver Plane,,Pewter Pro,4518
Fiandre - StonePeak,Travertino Vena Polish,,Natural Pro,4214
Fiandre - StonePeak,True Black Polish,,Midnight Pro,4532
Fiandre - StonePeak,True White Polish,,Marble Pro,4106
Fiandre - StonePeak,White Plane,,Marble Pro,4106
Formica,All That Jazz,407,Marble Pro,4106
Formica,Almondine,101,Misty Pro,4220
Formica,Amarillo Gold Silica,,Caramel Pro,4234
Formica,Amber Graniti,388,Latte Pro,4312
Formica,Amber Mica,903,Copper Pro,4418
Formica,Amethyst Mosaic,653,Ice Pro,4218
Formica,Arctic,102,Winter Pro,4101
Formica,Basilica,503,Misty Pro,4220
Formica,Bianco Mineral,758,Marble Pro,4106
Formica,Bianco Quartz,,Glacier Pro,4111
Formica,Birch Spex,935,Cream Pro,4232
Formica,Biscuit Spex,932,Stone Pro,4222
Formica,Black Galaxy Quartz,,Midnight Pro,4532
Formica,Black Impala Quartz,,Midnight Pro,4532
Formica,Black Lava,501,Shale Pro,4525
Formica,Black Matrix,324,Midnight Pro,4532
Formica,Blanca Silica,,Fashion Pro,4702
Formica,Blanco Terrazzo,742,Marble Pro,4106
Formica,Bleached Concrete,601,Winter Pro,4101
Formica,Botanical Mosaic,654,Smoke Pro,4523
Formica,Bottle Glass Quartz,770,Cloud Pro,4118
Formica,Bronze,,Toffee Pro,4318
Formica,Burlwood Stone,,Mocha Pro,4322
Formica,Burnished Artifacts,820,Rust Pro,4424
Formica,Café Quartz,771,Latte Pro,4312
Formica,Caramelo Mineral,768,Latte Pro,4312
Formica,Caramelo Quartz,,Latte Pro,4312
Formica,Carrara Stone,707,Sand Pro,4216
Formica,Cayenne Mist,308,Hazel Pro,4432
Formica,Chamois Spex,937,Fawn Pro,4316
Formica,Chesapeake Express.,717,Natural Pro,4214
Formica,Chicory Mosaic,651,Chocolate Pro,4324
Formica,Citron Ice,810,Ice Pro,4218
Formica,Coastal Mosaic,655,Smoke Pro,4523
Formica,Coffee Quartz,,Cocoa Pro,4323
Formica,Coffee Silica,783,Nutmeg Pro,4635
Formica,Cool Ice,,Fog Pro,4200
Formica,Copper Artifacts,801,Ice Pro,4218
Formica,Copper Matrix,334,Rust Pro,4424
Formica,Copper Nugget,451,Rust Pro,4424
Formica,Copper Quartz,772,Cream Pro,4232
Formica,Cotta Spex,934,Toffee Pro,4318
Formica,Crema Terrazzo,744,Marble Pro,4106
Formica,Creme Graniti,386,Stone Pro,4222
Formica,Dawn Mist,,Natural Pro,4214
Formica,Deep Blue Ice,811,Ice Pro,4218
Formica,Denim Spex,936,Clear Pro,4000
Formica,Desert Mist,318,Sand Pro,4216
Formica,Drift,787,Cream Pro,4232
Formica,E Cafe,,Beach Pro,4230
Formica,E Earthen,753,Dune Pro,4310
Formica,E Fog,755,Cream Pro,4232
Formica,E Natural,751,Canvas Pro,4112
Formica,E Seed,754,Stone Pro,4222
Formica,E Surf,,Cloud Pro,4118
Formica,Ebony Mosaic,650,Shale Pro,4525
Formica,Fawn Matrix,337,Dune Pro,4310
Formica,Federal Cornerstone,714,Misty Pro,4220
Formica,Frost,103,Cameo Pro,4120
Formica,Giallo Quartz,,Caramel Pro,4234
Formica,Ginger Root Mist,306,Latte Pro,4312
Formica,Glacier Ore,403,Cloud Pro,4118
Formica,Gold Nugget,450,Copper Pro,4418
Formica,Gothic Cornerstone,715,Ice Pro,4218
Formica,Graphite,204,Shale Pro,4525
Formica,Gray Sparkle,779,Misty Pro,4220
Formica,Gray Striato,776,Sand Pro,4216
Formica,Greentea Concrete,602,Khaki Pro,4236
Formica,Haze Agate,745,Ice Pro,4218
Formica,Ivory Coast Quartz,,Stone Pro,4222
Formica,Jasper Stone,706,Ice Pro,4218
Formica,Java Cream Silica,,Latte Pro,4312
Formica,Labrador Quartz,,Midnight Pro,4532
Formica,Lapis Stone,,Thunder Pro,4522
Formica,Limestone Silica,,Stone Pro,4222
Formica,Luna Concrete,781,Stone Pro,4222
Formica,Luna Fossil,774,Cameo Pro,4120
Formica,Luna Perla,,Glacier Pro,4111
Formica,Luna Sail White,773,Canvas Pro,4112
Formica,Luna Sand,757,Marble Pro,4106
Formica,Luna Stone,780,Cream Pro,4232
Formica,Luna Storm,775,Thunder Pro,4522
Formica,Luna Weather,782,Toffee Pro,4318
Formica,Marine Ice,805,Ice Pro,4218
Formica,Marron Granite,389,Shale Pro,4525
Formica,Mineral Mica,909,Mocha Pro,4322
Formica,Mirage,733,Cameo Pro,4120
Formica,Mocha Spex,938,Mesa Pro,4604
Formica,Mokka Graniti,387,Fog Pro,4200
Formica,Moss Spex,933,Prairie Pro,4516
Formica,Natural Concrete,603,Beach Pro,4230
Formica,Nickel Mica,901,Pewter Pro,4518
Formica,Night Mist,302,Thunder Pro,4522
Formica,Noce Travertine,777,Latte Pro,4312
Formica,Noir Stone,,Espresso Pro,4528
Formica,Nutmeg Classix,331,Cream Pro,4232
Formica,Olivene Silica,,Fawn Pro,4316
Formica,Pearl Mica,900,Misty Pro,4220
Formica,Pecan Mosaic,652,Dune Pro,4310
Formica,Peppercorn Classix,326,Mesa Pro,4604
Formica,Perriwinkle Mist,,Natural Pro,4214
Formica,Pesto Mist,309,Ice Pro,4218
Formica,Portabello Aggregate,785,Cream Pro,4232
Formica,Portabello Fine,786,Cream Pro,4232
Formica,Portofino Quartz,,Stone Pro,4222
Formica,Portofino Mineral,766,Cloud Pro,4118
Formica,Pure Ice,605,Ice Pro,4218
Formica,Real Concrete,803,Cameo Pro,4120
Formica,River Rock Mosaic,656,Sand Pro,4216
Formica,Sail White,108,Canvas Pro,4112
Formica,Saltillo Stone,704,Mocha Pro,4322
Formica,Sandy Mist,304,Caramel Pro,4234
Formica,Sea Glass,505,Marble Pro,4106
Formica,Shell Stone,730,Sand Pro,4216
Formica,Sierra Mist,319,Beige Pro,4228
Formica,Silk,107,Vanilla Pro,4105
Formica,Silk Perla,,Marble Pro,4106
Formica,Silver Stone,,Slate Pro,4512
Formica,Silverado,212,Pearl Pro,4510
Formica,Slate Blue Classix,,Slate Pro,4512
Formica,Smoke Ice,809,Smoke Pro,4523
Formica,Soapstone,,Slate Pro,4512
Formica,Spa Artifacts,821,Ice Pro,4218
Formica,Spanish Artifacts,,Pearl Pro,4510
Formica,Spanish Paprika Mist,307,Toffee Pro,4318
Formica,Spring Ice Xpressions,,Marble Pro,4106
Formica,Spruce Mist,,Fog Pro,4200
Formica,Tawny Agate,743,Sand Pro,4216
Formica,Travertine Quartz,,Caramel Pro,4234
Formica,Treasure Artifacts,802,Rust Pro,4424
Formica,Vapor,783,Cloud Pro,4118
Formica,Vintage Green Mica,902,Misty Pro,4220
Formica,Wheat Matrix,333,Stone Pro,4222
Formica,White Sparkles,778,Milk Pro,4602
Formica,White Spex,931,Winter Pro,4101
Gemstone,Arctic White,,Winter Pro,4101
Gemstone,Bisque,,Bisque Pro,4706
Gemstone,Bone,,Bone Pro,4705
Gemstone,Bright,,Bright Pro,4102
Gemstone,Bright White,,Winter Pro,4101
Gemstone,Fashion,,Fashion Pro,4702
Gemstone,Ivory,,Fashion Pro,4702
Gemstone,Soft White,,Soft White Pro,4703
Gemstone,Winter White,,Winter Pro,4101
GEOS,Asheville,,Canvas Pro,4112
GEOS,Aspen,,Canvas Pro,4112
GEOS,Auckland,,Misty Pro,4220
GEOS,Avalon,,Fog Pro,4200
GEOS,Birch,,Fog Pro,4200
GEOS,Fairfax,,Prairie Pro,4516
GEOS,Kona,,Canvas Pro,4112
GEOS,Lake Shell,,Stone Pro,4222
GEOS,Marina,,Fog Pro,4200
GEOS,Ocean Shell,,Stone Pro,4222
GEOS,Redrock,,Pearl Pro,4510
GEOS,St Lawrence,,Khaki Pro,4236
GEOS,Wheat,,Marble Pro,4106
Hanex,After Snow,HL-708,Winter Pro,4101
Hanex,Alaska,HL-055,Fog Pro,4200
Hanex,Amber,HL-038,Fawn Pro,4316
Hanex,Andromeda,GL-004,Misty Pro,4220
Hanex,Applegreen,,,
Hanex,Aqua Marine,HL-508,Ice Pro,4218
Hanex,Aqueous,S-014,Misty Pro,4220
Hanex,Atlantic Blue,HL-701,Ice Pro,4218
Hanex,Aura,B-024,Pudding Pro,4606
Hanex,Basilica,B-004,Lava Pro,4521
Hanex,Bayleaf,HL-501,Olive Pro,4520
Hanex,Beige Breeze,S-018,Dune Pro,4310
Hanex,Bosque,B-013,Fog Pro,4200
Hanex,Brook Chase,HL-605,Pudding Pro,4606
Hanex,Casablanca,,,
Hanex,Celadon,BL-002,Winter Pro,4101
Hanex,Chestnut,HL-601,Pudding Pro,4606
Hanex,Chiffon,HL-062,Fog Pro,4200
Hanex,Coldstone,T-098,Fog Pro,4200
Hanex,Copper Black,B-040,Midnight Pro,4532
Hanex,Cottonwood,HL-607,Natural Pro,4214
Hanex,Creama,HL-610,Stone Pro,4222
Hanex,Cubic Ivory,,,
Hanex,Cubic Multi,,,
Hanex,Cubic Transblanc,HL-053,Cameo Pro,4120
Hanex,Cubic White,,,
Hanex,Cumulus,BL-016,Lava Pro,4521
Hanex,Dancing Quartz,B-016,Dune Pro,4310
Hanex,Desert Castle,HL-710,Pudding Pro,4606
Hanex,Desert Walk,HL-510,Sand Pro,4216
Hanex,Dew,,,
Hanex,Dijon Beige,HL-507,Dune Pro,4310
Hanex,Eclipse,HL-039,Midnight Pro,4532
Hanex,Epilogue,B-005,Pudding Pro,4606
Hanex,Fantasia,HL-056,Midnight Pro,4532
Hanex,Florida Beach,B-032,Fog Pro,4200
Hanex,Ginger Bread,RE-04,Fawn Pro,4316
Hanex,Gold Brown,HL-023,Sand Pro,4216
Hanex,Goldengate,,,
Hanex,Greypearl,,,
Hanex,H Blanche,,,
Hanex,H Brown,,,
Hanex,H Cloudy,HL-048,Misty Pro,4220
Hanex,H Eldorado,HL-041,Sand Pro,4216
Hanex,H Elegance,HL-049,Sand Pro,4216
Hanex,H Grey,,,
Hanex,H Indigo Blue,HL-047,Thunder Pro,4522
Hanex,H Ivory,HL-043,Pearl Pro,4510
Hanex,H Redrock,HL-042,Pearl Pro,4510
Hanex,H Sandcopper,HL-050,Rust Pro,4424
Hanex,Harvest Moon,HL-702,Natural Pro,4214
Hanex,Havana Sand,HL-703,Natural Pro,4214
Hanex,Hazelnut,HL-604,Pudding Pro,4606
Hanex,Helsinki,B-031,Winter Pro,4101
Hanex,Honey Wheat,HL-704,Sand Pro,4216
Hanex,Hydra,S-013,Misty Pro,4220
Hanex,Iceland,,,
Hanex,Ivory,HL-002,Natural Pro,4214
Hanex,Ivory Essence,HL-002,Fog Pro,4200
Hanex,Latierra,BL-009,Ice Pro,4218
Hanex,Leche,B-028,Stone Pro,4222
Hanex,Libra,GL-003,Misty Pro,4220
Hanex,Lightbrown,HL-031,Natural Pro,4214
Hanex,Lightgreen,HL-024,Pearl Pro,4510
Hanex,Maple Wood,BL-006,Fog Pro,4200
Hanex,Mayfair,BL-007,Cameo Pro,4120
Hanex,Meadow Creek,HL-606,Natural Pro,4214
Hanex,Metal Grey,P-002,Misty Pro,4220
Hanex,Milkyway,,,
Hanex,Mist,HL-027,Pearl Pro,4510
Hanex,Mistery,,,
Hanex,Mono Vista,B-003,Cameo Pro,4120
Hanex,Navajo,HL-505,Beige Pro,4228
Hanex,Navyblue,,,
Hanex,Neo Grey,,,
Hanex,Neo White,HL-003,Winter Pro,4101
Hanex,Night Shadow,HL-609,Midnight Pro,4532
Hanex,Nightlight,,,
Hanex,Noblegreen,,,
Hanex,Olive Garden,HL-709,Misty Pro,4220
Hanex,Olive Green,,Pearl Pro,4510
Hanex,Orange Moon,B-022,Mocha Pro,4322
Hanex,Orchid,HL-502,Natural Pro,4214
Hanex,Oslo White,B-012,Winter Pro,4101
Hanex,Peachdust,,,
Hanex,Pearl Black,,,
Hanex,Pegasus,GL-001,Cameo Pro,4120
Hanex,Piedmont,B-021,Natural Pro,4214
Hanex,Pietra Panna,BL-003,Stone Pro,4222
Hanex,Pinetree,HL-025,Thunder Pro,4522
Hanex,Ponderosa,HL-602,Ice Pro,4218
Hanex,Prima,B-002,Stone Pro,4222
Hanex,Purple,,,
Hanex,Rhythmic Shine,B-019,Khaki Pro,4236
Hanex,Ricecookie,T-068,Fog Pro,4200
Hanex,Royal Black,HL-705,Midnight Pro,4532
Hanex,Sandbank,HL-028,Beige Pro,4228
Hanex,Shasta,HL-506,Toffee Pro,4318
Hanex,Siesta,B-020,Beige Pro,4228
Hanex,Silverstone,HL-021,Fog Pro,4200
Hanex,Stone Hedge,HL-608,Slate Pro,4512
Hanex,Taurus,GL-005,Rust Pro,4424
Hanex,Terra Sienna,HL-706,Chocolate Pro,4324
Hanex,Terracotta,BL-010,Mocha Pro,4322
Hanex,Tierra,B-030,Midnight Pro,4532
Hanex,Timberland,HL-603,Misty Pro,4220
Hanex,Transjaune,,,
Hanex,Trebarro,BL-005,Fog Pro,4200
Hanex,Tribella,B-009,Misty Pro,4220
Hanex,Tumoro,B-025,,
Hanex,Turquoise,HL-503,Natural Pro,4214
Hanex,Vineyard,HL-504,Misty Pro,4220
Hanex,White,HL-001,Cameo Pro,4120
Hanex,Whitenight,,,
Hanex,Wild Fire,B-039,Chocolate Pro,4324
Hanex,Wild Safari,B-038,Fawn Pro,4316
Hanex,Wine Black,BL-012,Midnight Pro,4532
Hanex,Wintergreen,HL-707,Ice Pro,4218
Hanex,Yuri Grey,RE-05,Ice Pro,4218
Hanstone,Ajanta,RM504,Misty Pro,4220
Hanstone,Alexandria,RU606,Mesa Pro,4604
Hanstone,Almond Quartz,,,
Hanstone,Amazon Green,RS318,,
Hanstone,Antique Sable,RS334,Midnight Pro,4532
Hanstone,Aspen,RU601,Winter Pro,4101
Hanstone,Aurora Snow,CL101,Misty Pro,4220
Hanstone,Autumn Leaf,RS305,Dune Pro,4310
Hanstone,Basento,RU604,Mesa Pro,4604
Hanstone,Bavaria,BT351,Toffee Pro,4318
Hanstone,Bianco Canvas,BA201,Marble Pro,4106
Hanstone,Black Coral,RS306,Midnight Pro,4532
Hanstone,Blackburn,RS401,,
Hanstone,Blue Lagoon,RS311,Midnight Pro,4532
Hanstone,Capri,MV617,,
Hanstone,Caribbean Blue,RS316,Latte Pro,4312
Hanstone,Champagne Pearl,CL102,Canvas Pro,4112
Hanstone,Chocolate Cognac,RS315,Dune Pro,4310
Hanstone,Copper Canyon,,,
Hanstone,Coral Mist,BT315,Mesa Pro,4604
Hanstone,Coronado,RS324,Copper Pro,4418
Hanstone,Crema Palace,,,
Hanstone,Ebony Field,,,
Hanstone,Emerald Isle,,Midnight Pro,4532
Hanstone,English Toffee,RS462,Dune Pro,4310
Hanstone,Genesis,BA204,Midnight Pro,4532
Hanstone,Giallo Florita,,,
Hanstone,Grigio,MV611,Shale Pro,4525
Hanstone,Harvest Grain,,,
Hanstone,Hazel Black,,Midnight Pro,4532
Hanstone,Hermes Beige,,,
Hanstone,Homebrewed,CT410,Prairie Pro,4516
Hanstone,Indian Pearl,MV607,Natural Pro,4214
Hanstone,Juniper Green,,,
Hanstone,Kahlua Brown,RS319,,
Hanstone,Lappland,,,
Hanstone,Limelight,CW101,,
Hanstone,Liscia,RU603,Dune Pro,4310
Hanstone,Magellan,RM502,Lava Pro,4521
Hanstone,Maple Canyon,RS321,Sonora Pro,4317
Hanstone,Maroon,RS323,Auburn Pro,4330
Hanstone,Mediterranean Olive,RS303,Prairie Pro,4516
Hanstone,Mercury Drift,,,
Hanstone,Mesquite Brown,RS307,Latte Pro,4312
Hanstone,Meteorite,MV619,Roast Pro,4332
Hanstone,Mystic Blue,CT407,Cobalt Pro,4607
Hanstone,Obsidian Black,CT401,Midnight Pro,4532
Hanstone,Odyssey,RM501,Chocolate Pro,4324
Hanstone,Orion,GL609,Olive Pro,4520
Hanstone,Park Avenue,,,
Hanstone,Passion Rouge,CT405,,
Hanstone,Pewter,RC101,Pearl Pro,4510
Hanstone,Piave,RU605,Hazel Pro,4432
Hanstone,Prateria,,,
Hanstone,River Walk,BT323,Midnight Pro,4532
Hanstone,Rolling Stone,MV618,Misty Pro,4220
Hanstone,Rosewood,,,
Hanstone,Royal Blanc,BA205,Winter Pro,4101
Hanstone,Royal Gold,,,
Hanstone,Sabbia,MV608,Misty Pro,4220
Hanstone,Sahara,RM505,Dune Pro,4310
Hanstone,Sand Dune,RC102,Beach Pro,4230
Hanstone,Sandcastle,CL106,Beige Pro,4228
Hanstone,Savannah,,,
Hanstone,Seaside,RS461,Beach Pro,4230
Hanstone,Serengeti,BT327,Dune Pro,4310
Hanstone,Slice of Ice,CW102,Misty Pro,4220
Hanstone,Sophia,,,
Hanstone,Specchio White,CT402,Fog Pro,4200
Hanstone,Sterling Gray,LS451,Pewter Pro,4518
Hanstone,Swan Cotton,RS301,Fog Pro,4200
Hanstone,Takoda,BT354,,
Hanstone,Teslin,RU602,Manilla Pro,4231
Hanstone,Tiffany Grey,CL105,Mesa Pro,4604
Hanstone,Tuxedo Black,,,
Hanstone,Vanilla Java,RS313,Beige Pro,4228
Hanstone,Venetian Avorio,RS314,Dune Pro,4310
Hanstone,Victorian Sands,RS308,Misty Pro,4220
Hanstone,Volcanic Topaz,RS310,,
Hanstone,Walnut Luster,MV616,Sand Pro,4216
Hanstone,Windy Marino,,,
Hanstone,Winter Flower,,,
Hanstone,Winter Riviera,MV606,Midnight Pro,4532
Harmony,Aquamarine,,,
Harmony,Aventurine,,,
Harmony,Bisque,,,
Harmony,Carbon,,,
Harmony,Carnelian,,,
Harmony,Celestine,,,
Harmony,Creme,,,
Harmony,Crystal,,,
Harmony,Dune,,,
Harmony,Emerald,,,
Harmony,Espresso,,,
Harmony,Fawn,,,
Harmony,Goldstone,,,
Harmony,Jelly Opal,,,
Harmony,Jubilee,,,
Harmony,Kiwi Flake,,,
Harmony,Lt Speck Blue,,,
Harmony,Lt Speck Grey,,,
Harmony,Lt Tan Flake,,,
Harmony,Midnight Sky,,,
Harmony,Mocha,,,
Harmony,Moonstone,,,
Harmony,Night View,,,
Harmony,Night Image,,,
Harmony,Opal,,,
Harmony,Pearl White,,,
Harmony,Peridot,,,
Harmony,Polar White,,,
Harmony,Renaissance Rose,,,
Harmony,Seaweed,,,
Harmony,Sedona,,,
Harmony,Silhouette Flake,,,
Harmony,Smoke Grey,,,
Harmony,Smoky Quartz,,,
Harmony,Snow Storm,,,
Harmony,Snow Flake,,,
Harmony,Speckled Grey,,,
Harmony,Speckled Pepper,,,
Harmony,Speckled Seafoam,,,
Harmony,Spindrift,,,
Harmony,Spruce Flake,,,
Harmony,Starburst,,,
Harmony,Suave,,,
Harmony,Summer Night,,,
Harmony,Sunstone,,,
Harmony,Tern Egg Grey,,,
Harmony,Topaz,,,
Harmony,Tundra,,,
I-Stone V-korr,Aspen Granite,780,Fog Pro,4200
I-Stone V-korr,Black,7,Midnight Pro,4532
I-Stone V-korr,Blanca Granite,701,Fog Pro,4200
I-Stone V-korr,Blue Bayou,510,Pearl Pro,4510
I-Stone V-korr,Bone,3,Vanilla Pro,4105
I-Stone V-korr,Bright White,1,Bright Pro,4102
I-Stone V-korr,Cinder Granite,679,Willow Pro,4314
I-Stone V-korr,Ebony Granite,710,Midnight Pro,4532
I-Stone V-korr,Fashion White,4,Chalk Pro,4100
I-Stone V-korr,Fire,6,Fire Pro,4621
I-Stone V-korr,Galaxy Mist,311,Midnight Pro,4532
I-Stone V-korr,Goldrush Gemstone,819S,Roast Pro,4332
I-Stone V-korr,Green Glass,920,Misty Pro,4220
I-Stone V-korr,Grey,56,Silver Pro,4622
I-Stone V-korr,Lumino,50,Misty Pro,4220
I-Stone V-korr,Macadam,12,Charcoal Pro,4625
I-Stone V-korr,Mandarin,11,Mandarin Pro,4619
I-Stone V-korr,Navajo Mist,371,Dune Pro,4310
I-Stone V-korr,Papyrus Mist,349,Canvas Pro,4112
I-Stone V-korr,Polar Mist,290,Fog Pro,4200
I-Stone V-korr,Raven Boulder,810,Midnight Pro,4532
I-Stone V-korr,Rio Grande Stone,503,Mocha Pro,4322
I-Stone V-korr,San Rafael Stone,501,Khaki Pro,4236
I-Stone V-korr,Silver Mist,219,Pewter Pro,4518
I-Stone V-korr,South Beach Boulder,811,Natural Pro,4214
I-Stone V-korr,Staten Island Stone,502,Willow Pro,4314
I-Stone V-korr,Volterra,505,Sonora Pro,4317
I-Stone V-korr,Wheat Mist,266,Sand Pro,4216
I-Stone V-korr,White Petals,900,Misty Pro,4220
I-Stone V-korr,Winter Boulder,800,Stone Pro,4222
Laminex,Arctic White,,Chalk Pro,4100
Laminex,Atlantis Mirage,,Ice Pro,4218
Laminex,Bianco Quartz,,Marble Pro,4106
Laminex,Brilliant Red,,Hot Pro,4617
Laminex,Canopy,,Stone Pro,4222
Laminex,Cardamon,,Fawn Pro,4316
Laminex,Carthage,,Rust Pro,4424
Laminex,Coconut Milk,,Marble Pro,4106
Laminex,Concrete Quartz,,Canvas Pro,4112
Laminex,Constellation,,Midnight Pro,4532
Laminex,Crystal Angelica,,Canvas Pro,4112
Laminex,Crystal Malt,,Canvas Pro,4112
Laminex,Crystal Vanilla,,Marble Pro,4106
Laminex,DaVinci,,Midnight Pro,4532
Laminex,Donatello,,Natural Pro,4214
Laminex,Frost Perle,,Fog Pro,4200
Laminex,Genesis,,Midnight Pro,4532
Laminex,Giotto,,Misty Pro,4220
Laminex,Glacier,,Cameo Pro,4120
Laminex,Grigio Quartz,,Stone Pro,4222
Laminex,Ice,,Fog Pro,4200
Laminex,Ivory,,Cameo Pro,4120
Laminex,Jet Black,,Midnight Pro,4532
Laminex,Kosciousko,,Fog Pro,4200
Laminex,Malted Milk,,Canvas Pro,4112
Laminex,Marzipan,,Canvas Pro,4112
Laminex,Merangue,,Canvas Pro,4112
Laminex,Micheal Angelo,,Misty Pro,4220
Laminex,Natural Quartz,,Marble Pro,4106
Laminex,Nero quartz,,Midnight Pro,4532
Laminex,New Bianco Quartz,,Marble Pro,4106
Laminex,New Kosciousko,,Fog Pro,4200
Laminex,New Zucchero,,Marble Pro,4106
Laminex,Nutmeg,,Sonora Pro,4317
Laminex,Pompei,,Ice Pro,4218
Laminex,Putty,,Stone Pro,4222
Laminex,Raphael,,Mocha Pro,4322
Laminex,Risotto,,Cameo Pro,4120
Laminex,Sea Salt,,Marble Pro,4106
Laminex,Sky Grey,,Cloud Pro,4118
Laminex,Smooth Concrete,,Misty Pro,4220
Laminex,Snow Storm,,Cameo Pro,4120
Laminex,Spring Burst,,Gold Pro,4609
Laminex,Sultry Attraction,,Pudding Pro,4606
Laminex,Sultry Mood,,Pudding Pro,4606
Laminex,Sultry Shadow,,Ice Pro,4218
Laminex,Tahini,,Sand Pro,4216
Laminex,Talc,,Cameo Pro,4120
Laminex,Tapenade,,Fawn Pro,4316
Laminex,Tofu,,Marble Pro,4106
Laminex,Wet Sand,,Marble Pro,4106
Laminex,Whistful,,Stone Pro,4222
Laminex,White Chiffon,,Natural Pro,4214
Laminex,Winter White,,Chalk Pro,4100
Laminex,Zucchero,,Marble Pro,4106
LG HiMacs,Allspice Quartz,G63,Pudding Pro,4606
LG HiMacs,Almond,S02,Butter Pro,4226
LG HiMacs,Almond Pearl,G08,Beige Pro,4228
LG HiMacs,Alpine White,S28,Winter Pro,4101
LG HiMacs,Amberglow,VE11,Beach Pro,4230
LG HiMacs,Annato Granite,G606,Latte Pro,4312
LG HiMacs,Apple Green Sand,G26,Prairie Pro,4516
LG HiMacs,Apricot,,Misty Pro,4220
LG HiMacs,Aqua Granite,G24,Ice Pro,4218
LG HiMacs,Arabian,,,
LG HiMacs,Arctic White,S06,Winter Pro,4101
LG HiMacs,Arctic Granite,G34,Fog Pro,4200
LG HiMacs,Armadillo,GT909,Pudding Pro,4606
LG HiMacs,Aztec Quartz,G33,Dune Pro,4310
LG HiMacs,Azure Quartz,G39,Pearl Pro,4510
LG HiMacs,Babylon Beige,,Beige Pro,4228
LG HiMacs,Bamboo Leaf,G122,Chocolate Pro,4324
LG HiMacs,Banana,S026,,
LG HiMacs,Barley,GT937,Beach Pro,4230
LG HiMacs,Basil,VG22,Olive Pro,4520
LG HiMacs,Basilica,M321,Natural Pro,4214
LG HiMacs,Beach Sand,G48,Beige Pro,4228
LG HiMacs,Beige Sand,G22,Slate Pro,4512
LG HiMacs,Bellany,GT933,Cream Pro,4232
LG HiMacs,Bergamo,M204,Toffee Pro,4318
LG HiMacs,Birch Bark,G714R,Fog Pro,4200
LG HiMacs,Birchwood,G124,Fog Pro,4200
LG HiMacs,Black,S22,Midnight Pro,4532
LG HiMacs,Black Granite,G31,Midnight Pro,4532
LG HiMacs,Black Hole,,Midnight Pro,4532
LG HiMacs,Black Pearl,G010,Midnight Pro,4532
LG HiMacs,Black Sand,G09,Midnight Pro,4532
LG HiMacs,Breeze,M306,Winter Pro,4101
LG HiMacs,Cameroon,VN21,Prairie Pro,4516
LG HiMacs,Canossa,M202,Misty Pro,4220
LG HiMacs,Cappucino,G117,Khaki Pro,4236
LG HiMacs,Casera,VE24,Dune Pro,4310
LG HiMacs,Castle,VW23,Sonora Pro,4317
LG HiMacs,Celebration Granite,G40,Midnight Pro,4532
LG HiMacs,Cocoa,G501R,Mocha Pro,4322
LG HiMacs,Coffee Brown,S100,Chocolate Pro,4324
LG HiMacs,Colosseum,M323,Ice Pro,4218
LG HiMacs,Concrete Gray,S103,Raven Pro,4645
LG HiMacs,Confetti Quartz,,,
LG HiMacs,Cork,GT911,Latte Pro,4312
LG HiMacs,Cosmos,T002,Beach Pro,4230
LG HiMacs,Coswal,G125,Canvas Pro,4112
LG HiMacs,Cotton Dust,G123,Cameo Pro,4120
LG HiMacs,Cream,S09,Sand Pro,4216
LG HiMacs,Crystal Granite,G102,Stone Pro,4222
LG HiMacs,Delta Sand,G70,Lava Pro,4521
LG HiMacs,Desert Sand,G01,Fawn Pro,4316
LG HiMacs,Dominica,VN22,Mesa Pro,4604
LG HiMacs,Dorado,VB24,Roast Pro,4332
LG HiMacs,Egg White,,Fog Pro,4200
LG HiMacs,Emerald,,Misty Pro,4220
LG HiMacs,Eucalyptus Granite,G601,Olive Pro,4520
LG HiMacs,Festival Pink,S208,Ice Pro,4218
LG HiMacs,Fiery Red,S25,Fire Pro,4621
LG HiMacs,Firenze,M103,Stone Pro,4222
LG HiMacs,Florida Orange,S205,Orange Pro,4633
LG HiMacs,Foliage Quartz,G64,Prairie Pro,4516
LG HiMacs,Fresh,VW21,Fog Pro,4200
LG HiMacs,Galaxy,,,
LG HiMacs,Garnet Granite,,,
LG HiMacs,Gemini,,,
LG HiMacs,Genova,M209,Fog Pro,4200
LG HiMacs,Gobi,,Pudding Pro,4606
LG HiMacs,Graphite Granite,G103,Shale Pro,4525
LG HiMacs,Gray,S005,Natural Pro,4214
LG HiMacs,Gray Granite,G17,Pearl Pro,4510
LG HiMacs,Gray Sand,C02,Pearl Pro,4510
LG HiMacs,Greystone Granite,,,
LG HiMacs,Harvest,GT908,Fawn Pro,4316
LG HiMacs,Hawksbill,,Beige Pro,4228
LG HiMacs,Haze,M308,Cameo Pro,4120
LG HiMacs,Hazelnut,ST903,Dune Pro,4310
LG HiMacs,Hazelnut Shell,GT934,Beach Pro,4230
LG HiMacs,Hickory,,Beige Pro,4228
LG HiMacs,Honeysuckle,G504R,Fawn Pro,4316
LG HiMacs,Horse Chestnut,G712R,Chocolate Pro,4324
LG HiMacs,Indigo Granite,,,
LG HiMacs,Ivory Quartz,G30,Beach Pro,4230
LG HiMacs,Ivory White,S29,Cameo Pro,4120
LG HiMacs,Ivy,G502R,Olive Pro,4520
LG HiMacs,Jasmin Green,,,
LG HiMacs,Jasmine,G505R,Dune Pro,4310
LG HiMacs,Juniper,G606R,Mesa Pro,4604
LG HiMacs,Jupiter,,,
LG HiMacs,Kaffa,VE13,Dune Pro,4310
LG HiMacs,Kalahari,,Sonora Pro,4317
LG HiMacs,Karoo,,AIA Boulder Pro,4810
LG HiMacs,Kohala,VN24,Roast Pro,4332
LG HiMacs,Lattetude,VE21,Dune Pro,4310
LG HiMacs,Lemongrass,G503R,Beige Pro,4228
LG HiMacs,Lilac Haze,S216,Misty Pro,4220
LG HiMacs,Lucca,M203,Natural Pro,4214
LG HiMacs,Lucent Emerald,S301,Ice Pro,4218
LG HiMacs,Lucent Opal,S302,Ice Pro,4218
LG HiMacs,Lucent Ruby,S303,Ice Pro,4218
LG HiMacs,Lucent Sapphire,S304,Ice Pro,4218
LG HiMacs,Lunar Sand,,Marble Pro,4106
LG HiMacs,Macchiato,G111,Fog Pro,4200
LG HiMacs,Maple Meadow,G121,Khaki Pro,4236
LG HiMacs,Marin,VE23,Prairie Pro,4516
LG HiMacs,Marta Gray,S207,,
LG HiMacs,Maui Quartz,G233R,Sand Pro,4216
LG HiMacs,Mauve Sand,,,
LG HiMacs,Merapi,VB01,Midnight Pro,4532
LG HiMacs,Mercury,,Beige Pro,4228
LG HiMacs,Merea,VL22,Slate Pro,4512
LG HiMacs,Merino,,Natural Pro,4214
LG HiMacs,Mesa Granite,G73,Mesa Pro,4604
LG HiMacs,Meteor,,Midnight Pro,4532
LG HiMacs,Metis,,,
LG HiMacs,Midnight Pearl,G015,Cobalt Pro,4607
LG HiMacs,Milky Way,T009,Canvas Pro,4112
LG HiMacs,Mist,M307,Cloud Pro,4118
LG HiMacs,Mocha Granite,G74,Chocolate Pro,4324
LG HiMacs,Modena,,,
LG HiMacs,Monza,M206,Shale Pro,4525
LG HiMacs,Moon Haze,G118,Canvas Pro,4112
LG HiMacs,Moonmist,VE12,Stone Pro,4222
LG HiMacs,Moonscape Quartz,G58,Natural Pro,4214
LG HiMacs,Mountain Ash,,Beige Pro,4228
LG HiMacs,Natural Granite,G23,Lava Pro,4521
LG HiMacs,Natural Quartz,,,
LG HiMacs,Nubian,,AIA Boulder Pro,4810
LG HiMacs,Oatmeal,GT938,Stone Pro,4222
LG HiMacs,Ocean Pearl,,,
LG HiMacs,Opal,,Natural Pro,4214
LG HiMacs,Oregano Sand,G62,Olive Pro,4520
LG HiMacs,Palm,G507R,Prairie Pro,4516
LG HiMacs,Pantheon,M322,Misty Pro,4220
LG HiMacs,Parma,M205,Chocolate Pro,4324
LG HiMacs,Pebble Pearl,,Natural Pro,4214
LG HiMacs,Pecan,,Fawn Pro,4316
LG HiMacs,Phobos,,Pearl Pro,4510
LG HiMacs,Pisa,M207,Mesa Pro,4604
LG HiMacs,Platinum Granite,G07,Pearl Pro,4510
LG HiMacs,Plum Pearl,,,
LG HiMacs,Pluto,T005,Latte Pro,4312
LG HiMacs,Poplar,G711R,Beach Pro,4230
LG HiMacs,Poppy Seed,GT939,Canvas Pro,4112
LG HiMacs,Powder,VW11,Fog Pro,4200
LG HiMacs,Ripe Cotton,G518R,Natural Pro,4214
LG HiMacs,Rose Granite,G18,Misty Pro,4220
LG HiMacs,Rose Quartz,G06,Misty Pro,4220
LG HiMacs,Ruby,,Misty Pro,4220
LG HiMacs,Saddle Granite,G603,Mocha Pro,4322
LG HiMacs,Santa Ana,,,
LG HiMacs,Santorini,VL21,Cobalt Pro,4607
LG HiMacs,Sapphire,,Misty Pro,4220
LG HiMacs,Satin White,,,
LG HiMacs,Saturn,T003,Beach Pro,4230
LG HiMacs,Sea Oat Quartz,G38,Natural Pro,4214
LG HiMacs,Seafoam Quartz,G44,Prairie Pro,4516
LG HiMacs,Shasta,VE26,Beige Pro,4228
LG HiMacs,Sienna Quartz,G72,Rust Pro,4424
LG HiMacs,Sonoran Granite,G75,Beige Pro,4228
LG HiMacs,Spiced Java Sand,G59,Mocha Pro,4322
LG HiMacs,Stardust Granite,,,
LG HiMacs,Steel Gray,S209,Slate Pro,4512
LG HiMacs,Steel Sand,G32,Slate Pro,4512
LG HiMacs,Steller,VR21,Rust Pro,4424
LG HiMacs,Stonewall,,Toffee Pro,4318
LG HiMacs,Storm Granite,G602,Prairie Pro,4516
LG HiMacs,Sugar Maple,G710R,Latte Pro,4312
LG HiMacs,Sugarloaf,,,
LG HiMacs,Tambora,VE01,Natural Pro,4214
LG HiMacs,Tanami,,Cream Pro,4232
LG HiMacs,Tapioca Pearl,G50,Natural Pro,4214
LG HiMacs,Terni,M201,Cream Pro,4232
LG HiMacs,Terra Quartz,G29,Misty Pro,4220
LG HiMacs,Timberwolf Granite,G604,Mesa Pro,4604
LG HiMacs,Toffee Brown,S104,Olive Pro,4520
LG HiMacs,Trail Gray,GT912,Fawn Pro,4316
LG HiMacs,Tundra Quartz,G65,Fog Pro,4200
LG HiMacs,Turquoise Sand,,,
LG HiMacs,Umber Granite,G605,Mesa Pro,4604
LG HiMacs,Vanilla Sugar,GT913,Beige Pro,4228
LG HiMacs,Venetian Sand,G42,Fawn Pro,4316
LG HiMacs,Venus,T001,Stone Pro,4222
LG HiMacs,Venus Green,,Natural Pro,4214
LG HiMacs,Verde Quartz,G48,Verde Pro,4616
LG HiMacs,Vetro,VG11,Pearl Pro,4510
LG HiMacs,Volcanic Ice,GT918,Lava Pro,4521
LG HiMacs,Wallflower,G508R,Willow Pro,4314
LG HiMacs,Walnut,,Chocolate Pro,4324
LG HiMacs,White Granite,G05,Misty Pro,4220
LG HiMacs,White Quartz,G04,Natural Pro,4214
LG HiMacs,Zaffre,VY11,Thunder Pro,4522
LG Viatera,Absolute Night,,Midnight Pro,4532
LG Viatera,Antique Limestone,,Chocolate Pro,4324
LG Viatera,Artesia,,Lava Pro,4521
LG Viatera,Aspen,,Prairie Pro,4516
LG Viatera,Bali,,Cobalt Pro,4607
LG Viatera,Bedazzled,,Earth Pro,4628
LG Viatera,Biscuit,,Earth Pro,4628
LG Viatera,Bistro,,Olive Pro,4520
LG Viatera,Blanco,,Winter Pro,4101
LG Viatera,Blanco White,,Fog Pro,4200
LG Viatera,Bourbon,,Cocoa Pro,4323
LG Viatera,Cabo,,Caramel Pro,4234
LG Viatera,Cadet,,Cobalt Pro,4607
LG Viatera,Cairo,,Earth Pro,4628
LG Viatera,Calico,,Beach Pro,4230
LG Viatera,Camo,,Olive Pro,4520
LG Viatera,Carbon,,Midnight Pro,4532
LG Viatera,Cargo,,Sonora Pro,4317
LG Viatera,Charcoal Mist,,Shale Pro,4525
LG Viatera,Columbia,,Auburn Pro,4330
LG Viatera,Constellation,,Midnight Pro,4532
LG Viatera,Copper Patina,,Cocoa Pro,4323
LG Viatera,Crater,,Shale Pro,4525
LG Viatera,Creme Beige,,Cream Pro,4232
LG Viatera,Crystal White,,Winter Pro,4101
LG Viatera,Daylight Reflection,,Pewter Pro,4518
LG Viatera,Denali,,Winter Pro,4101
LG Viatera,Desert Storm,,Sonora Pro,4317
LG Viatera,Dover,,Stone Pro,4222
LG Viatera,Dune,,Fog Pro,4200
LG Viatera,Fire Cracker,,Hot Pro,4617
LG Viatera,Galaxy Ice,,Midnight Pro,4532
LG Viatera,Geneva,,Pearl Pro,4510
LG Viatera,High Tide,,Flax Pro,4627
LG Viatera,Himilaya,,Willow Pro,4314
LG Viatera,Juniper Trial,,Cream Pro,4232
LG Viatera,Kashmir,,Lava Pro,4521
LG Viatera,Kenai,,Lava Pro,4521
LG Viatera,Kilquea,,Mocha Pro,4322
LG Viatera,Kona Ice,,Cocoa Pro,4323
LG Viatera,Lava Ice,,Fire Pro,4621
LG Viatera,Limoncello,,Sun Pro,4615
LG Viatera,Lunar Ice,,Prairie Pro,4516
LG Viatera,Mesquite Moon,,Mesa Pro,4604
LG Viatera,Midnight Reflection,,Midnight Pro,4532
LG Viatera,Monet,,Toffee Pro,4318
LG Viatera,Morocco,,Toffee Pro,4318
LG Viatera,Natural Limestone,,Cream Pro,4232
LG Viatera,Nova,,Mesa Pro,4604
LG Viatera,Oahu,,Midnight Pro,4532
LG Viatera,Olive Rust,,Toffee Pro,4318
LG Viatera,Oro Noir,,Shale Pro,4525
LG Viatera,Palermo,,Fawn Pro,4316
LG Viatera,Palladium,,Glacier Pro,4111
LG Viatera,Royal Teak,,Mesa Pro,4604
LG Viatera,Safari,,Toffee Pro,4318
LG Viatera,San Tropez,,Dune Pro,4310
LG Viatera,Sand Ice,,Earth Pro,4628
LG Viatera,Sangria,,Ruby Pro,4629
LG Viatera,Santa Barbara,,Earth Pro,4628
LG Viatera,Santa Monica,,Earth Pro,4628
LG Viatera,Santiago,,Fawn Pro,4316
LG Viatera,Sao Paulo,,Mocha Pro,4322
LG Viatera,Sapporo,,,
LG Viatera,Sedona,,Caramel Pro,4234
LG Viatera,Sherwood,,Clear Pro,4000
LG Viatera,Sienna Sand,,Pudding Pro,4606
LG Viatera,Silver Lake,,Latte Pro,4312
LG Viatera,Smoke,,Pewter Pro,4518
LG Viatera,Snow Storm,,Glacier Pro,4111
LG Viatera,Sol,,Sun Pro,4615
LG Viatera,Solano,,Dune Pro,4310
LG Viatera,Solar Canyon,,Toffee Pro,4318
LG Viatera,Starfire,,Hot Pro,4617
LG Viatera,Sugar Sand,,Earth Pro,4628
LG Viatera,Sugar Storm,,Flax Pro,4627
LG Viatera,Tahiti,,Khaki Pro,4236
LG Viatera,Tenerife,,Toffee Pro,4318
LG Viatera,Thunder Storm,,Pudding Pro,4606
LG Viatera,Trentino,,Lava Pro,4521
LG Viatera,Tropic Brown,,,
LG Viatera,Truffle,,Mesa Pro,4604
LG Viatera,Tundra Ice,,Stone Pro,4222
LG Viatera,Twilight Reflection,,Shale Pro,4525
LG Viatera,Ultra White,,Winter Pro,4101
LG Viatera,Vienna,,Pearl Pro,4510
LG Viatera,Vintage Limestone,,Mesa Pro,4604
LG Viatera,Volcanic Rock,,Chocolate Pro,4324
LG Viatera,Wheat,,Buff Pro,4210
LG Viatera,Wildwood,,Toffee Pro,4318
Livingstone,Ambrosia,,Dune Pro,4310
Livingstone,Arroyo,,Pudding Pro,4606
Livingstone,Bechamel,,Natural Pro,4214
Livingstone,Bianca,,Dune Pro,4310
Livingstone,Blue Lagoon,,Ice Pro,4218
Livingstone,Chestnut,,Dune Pro,4310
Livingstone,Chocolate Chip,,Cocoa Pro,4323
Livingstone,Clay,,Mesa Pro,4604
Livingstone,Coral Quartz,,Pearl Pro,4510
Livingstone,Dakota,,Toffee Pro,4318
Livingstone,Desert,,Natural Pro,4214
Livingstone,Dune,,Beige Pro,4228
Livingstone,Earth,,Rust Pro,4424
Livingstone,Everglades,,Prairie Pro,4516
Livingstone,Flax,,Natural Pro,4214
Livingstone,Heartland,,Prairie Pro,4516
Livingstone,Honey Wheat,,Misty Pro,4220
Livingstone,Icy White,,Winter Pro,4101
Livingstone,Jakarta,,Toffee Pro,4318
Livingstone,Key West,,Sand Pro,4216
Livingstone,Klondike,,Mesa Pro,4604
Livingstone,Kona,,Roast Pro,4332
Livingstone,Lakeshore,,Sand Pro,4216
Livingstone,Meredian,,Misty Pro,4220
Livingstone,Mesa,,Dune Pro,4310
Livingstone,Montana,,Pudding Pro,4606
Livingstone,North Ridge,,Natural Pro,4214
Livingstone,Oatmeal Crunch,,Butter Pro,4226
Livingstone,Opus,,Beach Pro,4230
Livingstone,Oyster,,Beige Pro,4228
Livingstone,Pebble Beach,,Natural Pro,4214
Livingstone,Quiet White,,Snow Pro,4108
Livingstone,Sand Castle,,Dune Pro,4310
Livingstone,Santa Fe,,Mesa Pro,4604
Livingstone,Sedona,,Toffee Pro,4318
Livingstone,Sink Brilliant White,,Winter Pro,4101
Livingstone,Sink Creamy,,Creamy Pro,4707
Livingstone,Sink Soft White,,Marble Pro,4106
Livingstone,Starry Night,,Midnight Pro,4532
Livingstone,Stonehenge,,Pewter Pro,4518
Livingstone,Tundra,,Misty Pro,4220
Livingstone,Tuscany Nuova,,Dune Pro,4310
Livingstone,Volcanic Ash,,Natural Pro,4214
Meganite,Alaska White,81,Winter Pro,4101
Meganite,Allspice Granite,685AR,Sonora Pro,4317
Meganite,Almond Mist,366,Sand Pro,4216
Meganite,Amazon Mist,375,Olive Pro,4520
Meganite,Antique White Granite,630,Fog Pro,4200
Meganite,Arctic Granite,603,Pearl Pro,4510
Meganite,Aspen Granite,780,Winter Pro,4101
Meganite,Aztec Granite,681AR,Dune Pro,4310
Meganite,Banana Cream Pie Mist,238,Manilla Pro,4231
Meganite,Beyond The Sea,416,Marble Pro,4106
Meganite,Blanca Granite,701,Fog Pro,4200
Meganite,Blue Bayou Granite,510,Pearl Pro,4510
Meganite,Blue Springs Boulder,857,Shale Pro,4525
Meganite,Bone,3,Canvas Pro,4112
Meganite,Borgata Boulder,881,Misty Pro,4220
Meganite,Bright White,1,Chalk Pro,4100
Meganite,Brown Eyed Girl Stone,503S,Hazel Pro,4432
Meganite,Camel Mist,369,Misty Pro,4220
Meganite,Canela Stone,504AR,Manilla Pro,4231
Meganite,Canvas Mist,312AR,Natural Pro,4214
Meganite,Castano Granite,667,Toffee Pro,4318
Meganite,Cinder Granite,679AR,Fawn Pro,4316
Meganite,Copperglow Breccia,922,Misty Pro,4220
Meganite,Dancing With The Stars,414,Fog Pro,4200
Meganite,Delta Granite,661,Mocha Pro,4322
Meganite,Denali Granite,759,Dune Pro,4310
Meganite,Desert Stone Granite,625AR,Sand Pro,4216
Meganite,Downtown Brown Breccia,951,Mocha Pro,4322
Meganite,Ebony Granite,710,Midnight Pro,4532
Meganite,Espresso Granite,677,Chocolate Pro,4324
Meganite,Euphoria Boulder,809,Dune Pro,4310
Meganite,Galaxy Mist,311,Midnight Pro,4532
Meganite,Glacier Mist,206,Winter Pro,4101
Meganite,Gold Coin Breccia,956,Fawn Pro,4316
Meganite,Golden Meadow Granite,734,Butter Pro,4226
Meganite,Goldrush Gemstone,819AR,Mocha Pro,4322
Meganite,Grey Glacier Granite,637,Pearl Pro,4510
Meganite,Indigo Granite,736,Ice Pro,4218
Meganite,Just Beachy Breccia,904,Beige Pro,4228
Meganite,Kaleidoscope Granite,652,Buff Pro,4210
Meganite,Lava Granite,657,Lava Pro,4521
Meganite,Madeira Mist,319,Toffee Pro,4318
Meganite,Magic Moon Breccia,924,Fawn Pro,4316
Meganite,Mint Julip Granite,646,Khaki Pro,4236
Meganite,Mocha Granite,719,Natural Pro,4214
Meganite,Moonstone Granite,674,Stone Pro,4222
Meganite,Morocco Mist,373AR,Natural Pro,4214
Meganite,Moscada Granite,751,Misty Pro,4220
Meganite,Navajo Mist,371,Natural Pro,4214
Meganite,Navarra Stone,507,Sonora Pro,4317
Meganite,Oatmeal Granite,626,Natural Pro,4214
Meganite,Ol' Blue Eyes Granite,724,Ice Pro,4218
Meganite,Parchment Granite,671,Natural Pro,4214
Meganite,Pesto Mist,182,Prairie Pro,4516
Meganite,Platinum Granite,615,Pewter Pro,4518
Meganite,Raven Boulder,810AR,Espresso Pro,4528
Meganite,Rice Pudding Breccia,905,Canvas Pro,4112
Meganite,Rio Grande Stone,503,Hazel Pro,4432
Meganite,Rocky Road Granite,729AR,Natural Pro,4214
Meganite,Roman Granite,651,Misty Pro,4220
Meganite,Rushmore Granite,683AR,Beige Pro,4228
Meganite,Rye Granite,627AR,Butter Pro,4226
Meganite,Saddlebrown Granite,668AR,Mocha Pro,4322
Meganite,Sage Granite,656,Prairie Pro,4516
Meganite,San Rafael Stone,501,Beach Pro,4230
Meganite,Sanibel Granite,691,Sand Pro,4216
Meganite,Sea Glass,418,Fog Pro,4200
Meganite,Sedona Granite,706,Misty Pro,4220
Meganite,Shangrila Boulder,802,Natural Pro,4214
Meganite,Silver Lining Breccia,923,Cream Pro,4232
Meganite,Silver Mist,219AR,Pewter Pro,4518
Meganite,Sky Dive Stone,518,Fog Pro,4200
Meganite,Smokey Mountain Stone,520,Pearl Pro,4510
Meganite,Soft White,5,Glacier Pro,4111
Meganite,Sonora Granite,660AR,Willow Pro,4314
Meganite,South Beach Boulder,811,Natural Pro,4214
Meganite,Speckled Hen Breccia,957,Sonora Pro,4317
Meganite,Staten Island Stone,502,Misty Pro,4220
Meganite,Surfin Safari,419,Beach Pro,4230
Meganite,Tiger Eye Gemstone,821AR,Roast Pro,4332
Meganite,Tomato Pie Mist,239,Rust Pro,4424
Meganite,Translucient Blue Ice,913,Ice Pro,4218
Meganite,Translucient Green Ice,912,Ice Pro,4218
Meganite,Ultimate Boulder,805AR,Beach Pro,4230
Meganite,Verde Granite,746,Prairie Pro,4516
Meganite,Wheat Mist,266AR,Sand Pro,4216
Meganite,White Crystal Boulder,813,Misty Pro,4220
Meganite,White Mosaic Granite,775,Marble Pro,4106
Meganite,Winter Boulder,800,Stone Pro,4222
Meganite,Yellowstone Granite,760,Natural Pro,4214
Meganite,Yorkshire Tan Granite,757,Beige Pro,4228
Mystera,Avalanche,MSS-818,Cameo Pro,4120
Mystera,Buckskin,MSS-501,Dune Pro,4310
Mystera,Cachet,MSS-816,Cream Pro,4232
Mystera,Cashmere,MSS-607,Cream Pro,4232
Mystera,Chamois,MSS-604,Dune Pro,4310
Mystera,Chardonnay,MSS-821,Fog Pro,4200
Mystera,Cirrus,MSS-822,Fog Pro,4200
Mystera,Desert,MSS-530,Cream Pro,4232
Mystera,Glacier,MSS-527,Winter Pro,4101
Mystera,Latte,MSS-600,Meridian Pro,4649
Mystera,Rainforest,MSS-500,Ice Pro,4218
Mystera,Ravine,MSS-823,Meridian Pro,4649
Mystera,Sante Fe,MSS-526,Misty Pro,4220
Mystera,Seashell,MSS-503,Fog Pro,4200
Mystera,Slate,MSS-601,Mesa Pro,4604
Mystera,Tempest,MSS-824,Toscana Pro,4648
Mystera,Thunder,MSS-502,Mesa Pro,4604
Mystera,Tombolo,MSS-817,Cream Pro,4232
Mystera,Tuscany,MSS-522,Misty Pro,4220
Pelican Quartz,Black Diamond,,Midnight Pro,4532
Pelican Quartz,Café Mocha,,Cocoa Pro,4323
Pelican Quartz,Delicato Marfil,,Fog Pro,4200
Pelican Quartz,Empress Dark,,Mesa Pro,4604
Pelican Quartz,Fossil,,Marble Pro,4106
Pelican Quartz,Full Moon,,Marble Pro,4106
Pelican Quartz,Icelandic,,Winter Pro,4101
Pelican Quartz,Lava Black,,Midnight Pro,4532
Pelican Quartz,Linen White,,Marble Pro,4106
Pelican Quartz,Pebble Creek,,Aluminum Pro,4642
Pelican Quartz,Siesta Key White,,Winter Pro,4101
Pelican Quartz,Winter White,,Winter Pro,4101
Polystone,Arctic White,,,
Polystone,Aurora,,,
Polystone,Biscuit,,,
Polystone,Blue Ridge,,,
Polystone,Castle,,,
Polystone,Coal,,,
Polystone,Cobalt,,,
Polystone,Copper,,,
Polystone,Deep Green,,,
Polystone,Dusk,,,
Polystone,Edelwise,,,
Polystone,Ever Green,,,
Polystone,Everest,,,
Polystone,Festival,,,
Polystone,Frosty White,,,
Polystone,Glacier White,,,
Polystone,Greembrier,,,
Polystone,Ivory Melange,,,
Polystone,Khaki Melange,,,
Polystone,King Sand,,,
Polystone,Matterhorn,,,
Polystone,Mediterranean,,,
Polystone,Midnight,,,
Polystone,Milk White,,,
Polystone,Mont Blanc,,,
Polystone,Monterey Tan,,,
Polystone,New Aurora,,,
Polystone,Oceanic,,,
Polystone,Oyster,,,
Polystone,Palisade,,,
Polystone,Peach,,,
Polystone,Pearl Grey,,,
Polystone,Pebble,,,
Polystone,Pepper Ivory,,,
Polystone,Pepperdust,,,
Polystone,Platinum,,,
Polystone,Pyranees,,,
Polystone,River Rock,,,
Polystone,Rosetta,,,
Polystone,Sahara,,,
Polystone,Sand Storm,,,
Polystone,Sandbar,,,
Polystone,Sandstone,,,
Polystone,Savannah,,,
Polystone,Shale,,,
Polystone,Snow Lotus,,,
Polystone,Spice,,,
Polystone,Spring,,,
Polystone,Twilight Grey,,,
Polystone,Vert,,,
Q Quartz,Accacia Brown,,Shale Pro,4525
Q Quartz,Almond Roca,,Earth Pro,4628
Q Quartz,Alpine,,Pewter Pro,4518
Q Quartz,Arctic White,,Winter Pro,4101
Q Quartz,Athenian Gold,,Dune Pro,4310
Q Quartz,Cascade White,,Pearl Pro,4510
Q Quartz,Chakra Beige,,Natural Pro,4214
Q Quartz,Concerto,,Pewter Pro,4518
Q Quartz,Coronado,,Fawn Pro,4316
Q Quartz,Fairy White,,Winter Pro,4101
Q Quartz,Iced Mocha,,Cocoa Pro,4323
Q Quartz,Iced White,,Glacier Pro,4111
Q Quartz,Lagos Azul,,Pudding Pro,4606
Q Quartz,Mojave,,Caramel Pro,4234
Q Quartz,Rushmore,,Shale Pro,4525
Q Quartz,Sahara Beige,,Canvas Pro,4112
Q Quartz,Santa Felicita,,Shale Pro,4525
Q Quartz,Shadow Gray,,Shale Pro,4525
Q Quartz,Sherwood Forest,,Mocha Pro,4322
Q Quartz,Sparkling Black,,Midnight Pro,4532
Q Quartz,Sparkling Ruby,,Ruby Pro,4629
Q Quartz,Sparkling White,,Glacier Pro,4111
Q Quartz,Toasted Almond,,Latte Pro,4312
Radianz,Acadia Brown,AC495,Olive Pro,4520
Radianz,Albion Amber,AA340,Dune Pro,4310
Radianz,Aleutian White,AW130,Glacier Pro,4111
Radianz,Amazon Twilight,,,
Radianz,Andian Sepia,,,
Radianz,Antigua Beach,AN230,Cream Pro,4232
Radianz,Appalachian Umber,AU490,Chocolate Pro,4324
Radianz,Atlas Brown,AB850,Roast Pro,4332
Radianz,Bora Bora Beige,BO214,Canvas Pro,4112
Radianz,Bristol Beige,BB227,Dune Pro,4310
Radianz,Cascade Pebble,,,
Radianz,Caucasus Gray,CS906,Pewter Pro,4518
Radianz,Columbia Gray,CG910,Pewter Pro,4518
Radianz,Cumberland Flax,CF350,Dune Pro,4310
Radianz,Cyprus Orange,CO420,Mandarin Pro,4619
Radianz,Diamond Black,DB990,Midnight Pro,4532
Radianz,Diamond White,DW105,Winter Pro,4101
Radianz,Everest White,EW120,Fog Pro,4200
Radianz,Ferio Black,FB991,Midnight Pro,4532
Radianz,Gentle Gray,GG900,Stone Pro,4222
Radianz,Gold Canyon Gray,GG950,Lava Pro,4521
Radianz,Himalayan Blue,,,
Radianz,Imperial Gray,IG910,Willow Pro,4314
Radianz,Kauai Cream,KC213,Canvas Pro,4112
Radianz,Kenai Pear,KP720,Lime Pro,4632
Radianz,Korbu Cocoa,,,
Radianz,Kunlun Ink,KI992,Midnight Pro,4532
Radianz,Mariposa Buff,MU410,Fawn Pro,4316
Radianz,Matala Tan,MT220,Beach Pro,4230
Radianz,Mauna Loa Black,MB990,Shale Pro,4525
Radianz,Midnight Sapphire,MS980,Shale Pro,4525
Radianz,Mirama Bronze,MI780,Chocolate Pro,4324
Radianz,Moab Canyon Sienna,,,
Radianz,Mont Blanc Snow,MS141,Glacier Pro,4111
Radianz,Mykonos Beige,CK230,Earth Pro,4628
Radianz,Palau Java,PJ475,Chocolate Pro,4324
Radianz,Patagonia Gray,,,
Radianz,Pinnacle Desert Taupe,,,
Radianz,Rangoon Black,RG994,Shale Pro,4525
Radianz,Rocky Mountain Brown,RB470,Olive Pro,4520
Radianz,Salina Red,SR461,Fire Pro,4621
Radianz,Saltoro Cliff,SC235,Cream Pro,4232
Radianz,Sechura Mocha,SM499,Chocolate Pro,4324
Radianz,Soback Beige,,,
Radianz,St Helens White,SH145,Glacier Pro,4111
Radianz,Teton Beige,TE215,Earth Pro,4628
Radianz,Toba Blackridge,,,
Radianz,Toluca Sand,TS495,Sonora Pro,4317
Radianz,Trevathan Black,,,
Radianz,Ural Gray,UG950,Pudding Pro,4606
Silestone,Absolute Black,,,
Silestone,Absolute Green,,,
Silestone,African Red,,Mocha Pro,4322
Silestone,Agazul,,,
Silestone,Alpina White,,Fawn Pro,4316
Silestone,Altair,,Olive Pro,4520
Silestone,Amarillo Dream,,Orange Pro,4633
Silestone,Amarillo Palmira,,Caramel Pro,4234
Silestone,Amarillo Sand,,,
Silestone,Amazon,,Mesa Pro,4604
Silestone,Antique Gold,,,
Silestone,Arden Blue,,Roast Pro,4332
Silestone,Azul Ugarit,,Dune Pro,4310
Silestone,Bamboo,,Beach Pro,4230
Silestone,Beige Olimpo,,,
Silestone,Bianco Rivers,,Glacier Pro,4111
Silestone,Black Canyon,,Mesa Pro,4604
Silestone,Black Dragon,,Roast Pro,4332
Silestone,Black Forest,,,
Silestone,Blanco Capri,,Flax Pro,4627
Silestone,Blanco City,,Earth Pro,4628
Silestone,Blanco Dali,,,
Silestone,Blanco Dune,,Flax Pro,4627
Silestone,Blanco Maple,,Marble Pro,4106
Silestone,Blanco North,,Glacier Pro,4111
Silestone,Blanco Zues,,Winter Pro,4101
Silestone,Blue Cielo,,,
Silestone,Blue Safita,,,
Silestone,Blue Sahara,,,
Silestone,Brazillian Brown,,Mocha Pro,4322
Silestone,Brick Marte,,,
Silestone,Capri Limestone,,,
Silestone,Carbono,,Shale Pro,4525
Silestone,Cemento,,Lava Pro,4521
Silestone,Chrome,,Pewter Pro,4518
Silestone,Coffee Brown,,,
Silestone,Coral Troya,,,
Silestone,Crema Minerva,,Earth Pro,4628
Silestone,Crema Urbana,,Earth Pro,4628
Silestone,Crystal Ash,,,
Silestone,Crystal Sand,,,
Silestone,Cygnus,,Prairie Pro,4516
Silestone,Diana Pearl,,Beach Pro,4230
Silestone,Dinux,,,
Silestone,Doradus,,Espresso Pro,4528
Silestone,Dragon Black,,,
Silestone,Ebony Pearl,,,
Silestone,Emerald Pearl,,,
Silestone,Eros Stellar,,Ruby Pro,4629
Silestone,Gedatsu,,Cocoa Pro,4323
Silestone,Giallo Nova,,Ice Pro,4218
Silestone,Giallo Quarry,,Latte Pro,4312
Silestone,Green River,,,
Silestone,Grey Amazon,,,
Silestone,Grey Expo,,Pewter Pro,4518
Silestone,Haiku,,Flax Pro,4627
Silestone,Halley,,Ice Pro,4218
Silestone,Iron Ore,,,
Silestone,Ivory Coast,,Beige Pro,4228
Silestone,Kalahari,,Beige Pro,4228
Silestone,Kensho,,Fog Pro,4200
Silestone,Kimbler,,Ice Pro,4218
Silestone,Kona Beige,,Caramel Pro,4234
Silestone,Lagoon,,Natural Pro,4214
Silestone,Luna,,,
Silestone,Lyra,,Fog Pro,4200
Silestone,Magenta Energy,,Magenta Pro,4631
Silestone,Magma,,,
Silestone,Mahogany,,Cocoa Pro,4323
Silestone,Marengo,,Shale Pro,4525
Silestone,Marine Stellar,,Cobalt Pro,4607
Silestone,Marron Bois,,,
Silestone,Marron Jupiter,,Cocoa Pro,4323
Silestone,Merope,,Roast Pro,4332
Silestone,Minerva Cream,,,
Silestone,Mississippi,,,
Silestone,Mont Blanc,,Glacier Pro,4111
Silestone,Mountain Mist,,Pudding Pro,4606
Silestone,Naranja Cool,,Mandarin Pro,4619
Silestone,Naranja Fuego,,Burnt Pro,4630
Silestone,Negro Anubus,,,
Silestone,Negro Ulises,,Lava Pro,4521
Silestone,Niebla,,Cream Pro,4232
Silestone,Night Mist,,Espresso Pro,4528
Silestone,Nile,,,
Silestone,Olive Green,,Prairie Pro,4516
Silestone,Perla Diana,,Beach Pro,4230
Silestone,Polar Cap,,,
Silestone,Quasar,,Ice Pro,4218
Silestone,Rain Forest,,Espresso Pro,4528
Silestone,Rhin,,,
Silestone,Riverbed,,,
Silestone,Rosa Gray,,,
Silestone,Rosso Monza,,Hot Pro,4617
Silestone,Santa Fe Brown,,,
Silestone,Satori,,Auburn Pro,4330
Silestone,Seleno,,Glacier Pro,4111
Silestone,Sienna Ridge,,Toffee Pro,4318
Silestone,Sierra Madre,,Mocha Pro,4322
Silestone,Silver Nube,,Fog Pro,4200
Silestone,Siridium,,,
Silestone,Sonora Gold,,,
Silestone,Starlight,,,
Silestone,Steel,,Pewter Pro,4518
Silestone,Stellar Eros,,Ruby Pro,4629
Silestone,Stellar Marine,,Cobalt Pro,4607
Silestone,Stellar Night,,Espresso Pro,4528
Silestone,Stellar Rose,,,
Silestone,Stellar Sky,,,
Silestone,Stellar Snow,,Fog Pro,4200
Silestone,Tao,,Midnight Pro,4532
Silestone,Tea Leaf,,,
Silestone,Tebas Black,,Midnight Pro,4532
Silestone,Terra,,,
Silestone,Tigris Sand,,Flax Pro,4627
Silestone,Toffe,,Sonora Pro,4317
Silestone,Travertine,,,
Silestone,Tritium,,,
Silestone,Unsui,,Sonora Pro,4317
Silestone,Verde Fun,,Lime Pro,4632
Silestone,Verde Medea,,,
Silestone,Verde Ugarit,,Dune Pro,4310
Silestone,Vortium,,,
Silestone,White Dali,,,
Silestone,White Diamond,,,
Silestone,White Dune,,Flax Pro,4627
Silestone,White North,,Glacier Pro,4111
Silestone,White Platinum,,Glacier Pro,4111
Silestone,White Zeus Extreme,,,
Silestone,White Zues,,Winter Pro,4101
Silestone,Yukon,,Glacier Pro,4111
Silestone,Zirconium,,Shale Pro,4525
Staron,Aspen Amber,,,
Staron,Aspen Brown,AB632,Fawn Pro,4316
Staron,Aspen Dark,,,
Staron,Aspen Flax,,,
Staron,Aspen Green,,,
Staron,Aspen Jade,AJ662,Prairie Pro,4516
Staron,Aspen Lily,AL645,,
Staron,Aspen Mine,AM633,Chocolate Pro,4324
Staron,Aspen Pepper,AP640,Misty Pro,4220
Staron,Aspen Putty,,,
Staron,Aspen Sky,AS670,Cobalt Pro,4607
Staron,Aspen Slate,,,
Staron,Aspen Snow,AS610,Natural Pro,4214
Staron,Aspen Spruce,,,
Staron,Breccia Bisque,BB725,Beige Pro,4228
Staron,Breccia Rio Grande,BR790,Cream Pro,4232
Staron,Breccia Stoneware,,,
Staron,Bright White,BW010,Winter Pro,4101
Staron,Ivory,SI040,Misty Pro,4220
Staron,Mosaic Black Bean,QB299,Midnight Pro,4532
Staron,Mosaic Dalmatian,QD212,Winter Pro,4101
Staron,Mosaic Nimbus,QN287,,
Staron,Pearl,SP011,Snow Pro,4108
Staron,Pebble Aqua,PA860,Prairie Pro,4516
Staron,Pebble Basalt,,,
Staron,Pebble Beach,PB812,Stone Pro,4222
Staron,Pebble Blue,PB870,Cobalt Pro,4607
Staron,Pebble Caper,,,
Staron,Pebble Castle,,,
Staron,Pebble Chiffon,PC482,Stone Pro,4222
Staron,Pebble Copper,PC851,Rust Pro,4424
Staron,Pebble Ebony,PE814,Midnight Pro,4532
Staron,Pebble Fennel,,,
Staron,Pebble Frost,PF812,Natural Pro,4214
Staron,Pebble Gold,PG840,Sand Pro,4216
Staron,Pebble Grey,PG810,Pewter Pro,4518
Staron,Pebble Maize,PM841,Misty Pro,4220
Staron,Pebble Saratoga,PS820,Sand Pro,4216
Staron,Pebble Seastar,PS843,Sand Pro,4216
Staron,Pebble Shale,,,
Staron,Pebble Sienna,PS852,Shale Pro,4525
Staron,Pebble Tea Rose,PT845,Stone Pro,4222
Staron,Quarry Arroyo,,,
Staron,Quarry Bisque,BB725,Stone Pro,4222
Staron,Quarry Bluff,QB244,Mesa Pro,4604
Staron,Quarry Butte,QB265,Pewter Pro,4518
Staron,Quarry Canyon,,,
Staron,Quarry Esker,QE240,Sand Pro,4216
Staron,Quarry Mallard,,,
Staron,Quarry Mesa,QM242,Fawn Pro,4316
Staron,Quarry Palisade,QP245,Mesa Pro,4604
Staron,Quarry Rio Grande,BR790,,
Staron,Quarry Riverbed,,,
Staron,Quarry Sandbar,TS345,Beige Pro,4228
Staron,Quary Oyster,TO310,Satin Pro,4110
Staron,Sanded Ginger,SG431,Cream Pro,4232
Staron,Sanded Birch,SB412,Satin Pro,4110
Staron,Sanded Clay,SC475,,
Staron,Sanded Cream,SM421,Natural Pro,4214
Staron,Sanded Dark Nebula,DN421,Shale Pro,4525
Staron,Sanded Gold Dust,SG441,Misty Pro,4220
Staron,Sanded Grey,SG420,Pearl Pro,4510
Staron,Sanded Leaf,,,
Staron,Sanded Linen,SL443,,
Staron,Sanded Marine,,,
Staron,Sanded Mocha,SM453,Mesa Pro,4604
Staron,Sanded Nebula,SN431,Slate Pro,4512
Staron,Sanded Noir,,,
Staron,Sanded Onyx,SO423,Midnight Pro,4532
Staron,Sanded Papyrus,SP474,,
Staron,Sanded Sahara,SS440,Sand Pro,4216
Staron,Sanded Tundra,ST482,Thunder Pro,4522
Staron,Sanded Vermillion,SV430,Dune Pro,4310
Staron,Sanded Wheat,,,
Staron,Sanded White Pepper,WP410,Misty Pro,4220
Staron,Talus Oyster,TO310,Natural Pro,4214
Staron,Talus Sandbar,TS345,Dune Pro,4310
Staron,Tempest Adamantine,FA159,Chocolate Pro,4324
Staron,Tempest Bronzestar,FB154,Olive Pro,4520
Staron,Tempest Caraway,FC155,Cream Pro,4232
Staron,Tempest Cinnamon,FC153,Latte Pro,4312
Staron,Tempest Coffee Bean,FC158,Chocolate Pro,4324
Staron,Tempest Colluvium,FC151,,
Staron,Tempest Confection,FC116,Marble Pro,4106
Staron,Tempest Copperplate,FC156,Chocolate Pro,4324
Staron,Tempest Dapple,FD187,Pewter Pro,4518
Staron,Tempest Glimmer,FG144,Cream Pro,4232
Staron,Tempest Gold Leaf,FG196,Roast Pro,4332
Staron,Tempest Horizon,FH114,Marble Pro,4106
Staron,Tempest Igneous,FI187,,
Staron,Tempest Milestone,FM185,Roast Pro,4332
Staron,Tempest Peak,FP100,Winter Pro,4101
Staron,Tempest Prairie,FP142,Dune Pro,4310
Staron,Tempest Radiance,FR148,Roast Pro,4332
Staron,Tempest Rattan,FR124,Dune Pro,4310
Staron,Tempest Russet,FR156,Latte Pro,4312
Staron,Tempest Sandpiper,FR121,Newport Pro,4116
Staron,Tempest Shell,FS115,Stone Pro,4222
Staron,Tempest Sierra,FS123,Pearl Pro,4510
Staron,Tempest Sonoma,FS143,Cream Pro,4232
Staron,Tempest Starfire,FS198,Midnight Pro,4532
Staron,Tempest Whippoorwill,FW145,Mesa Pro,4604
Staron,Tempest Zenith,FZ184,Shale Pro,4525
Technistone,Arizona,,,
Technistone,Brilliant Black,,,
Technistone,Brilliant White,,,
Technistone,Classic Beige,,,
Technistone,Classic Black,,,
Technistone,Classic Gray,,,
Technistone,Classic Ice,,,
Technistone,Classic Nevada,,,
Technistone,Crystal Absolute White,,,
Technistone,Crystal Almond,,,
Technistone,Crystal Arctic,,,
Technistone,Crystal Beach,,,
Technistone,Crystal Black,,,
Technistone,Crystal Colorado,,,
Technistone,Crystal Cream Beige,,,
Technistone,Crystal Dark Shell,,,
Technistone,Crystal Diamond,,,
Technistone,Crystal Montana,,,
Technistone,Crystal Olivine,,,
Technistone,Crystal Polar White,,,
Technistone,Crystal Quartz White,,,
Technistone,Crystal Royal,,,
Technistone,Crystal Sahara,,,
Technistone,Crystal Savannah,,,
Technistone,Crystal Topaz,,,
Technistone,Elegance Concrete Gray,,,
Technistone,Elegance Cream,,,
Technistone,Elegance Dark Gray,,,
Technistone,Gobi Black,,,
Technistone,Gobi Brown,,,
Technistone,Gobi Grey,,,
Technistone,Gobi Mahoghany,,,
Technistone,Gobi White,,,
Technistone,Harmonia Altay,,,
Technistone,Harmonia Cerros,,,
Technistone,Harmonia Dolomites,,,
Technistone,Harmonia Sierra,,,
Technistone,Impala Gray,,,
Technistone,Kalahari,,,
Technistone,Karpat Arizona,,,
Technistone,Nordic,,,
Technistone,Palos Verde,,,
Technistone,Sonora,,,
Technistone,Sonora Light,,,
Technistone,Starlight Black,,,
Technistone,Starlight Blue,,,
Technistone,Starlight Brown,,,
Technistone,Starlight Desert,,,
Technistone,Starlight Fresh Brown,,,
Technistone,Starlight Green,,,
Technistone,Starlight Grey,,,
Technistone,Starlight Red,,,
Technistone,Starlight Sand,,,
Technistone,Starlight White,,,
Technistone,Straight Black,,,
Technistone,Taurus,,,
Technistone,Taurus Blue Bahia,,,
Technistone,Taurus Brown Pearl,,,
Technistone,Taurus Gold,,,
Technistone,Taurus Nordic,,,
Technistone,Translucent Ice,,,
Technistone,Translucent Onyx,,,
Technistone,Translucent Snow White,,,
Technistone,Venetian Day,,,
Technistone,Venetian Night,,,
Technistone,Venetian Sunset,,,
Vendura,Allante,,,
Vendura,Almondine,,,
Vendura,Ambrosia,,,
Vendura,Arabella,,,
Vendura,Aspen Bark,,,
Vendura,Bahia Blanca,,,
Vendura,Baltic Amber,,,
Vendura,Bamboo,,,
Vendura,Belgian Truffle,,,
Vendura,Bermuda,,,
Vendura,Black Walnut,,,
Vendura,Bone,,,
Vendura,Boston Brown,,,
Vendura,Butter Brickle,,,
Vendura,Canyon Pebble,,,
Vendura,Cape Town,,,
Vendura,Capri,,,
Vendura,Caspian Stone,,,
Vendura,Cayman,,,
Vendura,Chartre Blue,,,
Vendura,Chateau Silk,,,
Vendura,Chiffon,,,
Vendura,Cream,,,
Vendura,Dakota Bay,,,
Vendura,Dublin Quartz,,,
Vendura,Ebony Star,,,
Vendura,Espresso Royale,,,
Vendura,Flannel,,,
Vendura,Folkstone,,,
Vendura,French Cotton,,,
Vendura,Frost,,,
Vendura,Galaxy Gray,,,
Vendura,Gardenia,,,
Vendura,Ginger Bread,,,
Vendura,Gobi,,,
Vendura,Icelantik Champagne,,,
Vendura,Icelantik Cottage White,,,
Vendura,Icelantik Eton Blue,,,
Vendura,Icelantik Glacier,,,
Vendura,Icelantik Limone,,,
Vendura,Icelantik Mint Mirage,,,
Vendura,Icelantik Misty Meadow,,,
Vendura,Icelantik Moccasin,,,
Vendura,Icelantik Rose Bluch,,,
Vendura,Icelantik Silk,,,
Vendura,Icelantik Storm,,,
Vendura,Icelantik Sunset Orange,,,
Vendura,Ivory White,,,
Vendura,Jamaican Sand,,,
Vendura,London Gray,,,
Vendura,Lt Khaki,,,
Vendura,Lucca,,,
Vendura,Lunar,,,
Vendura,Mocha,,,
Vendura,Napoli,,,
Vendura,Natural Bone,,,
Vendura,Natural Cream,,,
Vendura,Natural Ivory,,,
Vendura,Natural Lt Khaki,,,
Vendura,Natural Pearl,,,
Vendura,Natural Platinum,,,
Vendura,Navaho,,,
Vendura,Olive Branch,,,
Vendura,Pearl,,,
Vendura,Pebble Beach,,,
Vendura,Persian Indigo,,,
Vendura,Pewter,,,
Vendura,Platinum Gray,,,
Vendura,Porto Rossi,,,
Vendura,Quarry Frost,,,
Vendura,Red Palm,,,
Vendura,Rocky Mountain,,,
Vendura,Samara,,,
Vendura,Sand,,,
Vendura,Sandpiper,,,
Vendura,Seashell,,,
Vendura,Serengeti,,,
Vendura,Shadow,,,
Vendura,Spanish Moss,,,
Vendura,Stockholm,,,
Vendura,Toffee,,,
Vendura,Vanilla,,,
Wilsonart,Acadia Melange,,,
Wilsonart,Adirondack Melange,,,
Wilsonart,Alabaster Mirage,,,
Wilsonart,Alpine Melange,,,
Wilsonart,Antique White,1572SL,Antique Pro,4109
Wilsonart,Arabian Melange,9032ML,Cameo Pro,4120
Wilsonart,Arctic Melange,9070ML,Stone Pro,4222
Wilsonart,Aspen Melange,,,
Wilsonart,Astral Spectra,,,
Wilsonart,Atlantis Mirage,,,
Wilsonart,Avalanche Melange,9175ML,Winter Pro,4101
Wilsonart,Baja Melange,9030ML,Beach Pro,4230
Wilsonart,Basalt,,,
Wilsonart,Bedrock,9042EA,Camel Pro,4610
Wilsonart,Beige Tempest,1530TM,Beach Pro,4230
Wilsonart,Black Onyx Mirage,9092MG,Pitch Pro,4534
Wilsonart,Blanco Riverstone,9137RS,Sand Pro,4216
Wilsonart,Bluestone,9074EA,Milk Pro,4602
Wilsonart,Bluff Riverstone,9043RS,Dune Pro,4310
Wilsonart,Burnt Amber Mirage,9040MG,Toffee Pro,4318
Wilsonart,Calypso Melange,9073ML,Marble Pro,4106
Wilsonart,Candy Spectra,,,
Wilsonart,Capers,9063GG,Oregano Pro,4636
Wilsonart,Caramel Melange,9033ML,Camel Pro,4610
Wilsonart,Cascades Melange,,Slate Pro,4512
Wilsonart,Cashmere Mirage,9135MG,Pearl Pro,4510
Wilsonart,Chai Cream Mirrage,9111MG,Winter Pro,4101
Wilsonart,Chicory Cream Melange,9047ML,Dune Pro,4310
Wilsonart,Chipped Chocolate,9104CS,Coffee Pro,4643
Wilsonart,Clouded,9107CS,Ash Pro,4623
Wilsonart,Cocoa Chile,9065GG,Mocha Pro,4322
Wilsonart,Coconut Oil,9100GS,Winter Pro,4101
Wilsonart,Copper Melange,,,
Wilsonart,Crystal Blue,9026CY,Pewter Pro,4518
Wilsonart,Crystal Champagne,9145CY,Dune Pro,4310
Wilsonart,Crystal Mint,9054CY,Prairie Pro,4516
Wilsonart,Cumin,9067GG,Latte Pro,4312
Wilsonart,Desert Melange,9114ML,Dune Pro,4310
Wilsonart,Designer White,D354SL,Glacier Pro,4111
Wilsonart,Dry Creek Riverstone,9136RS,Sand Pro,4216
Wilsonart,Durango,9174EA,Milk Pro,4602
Wilsonart,Eureka Melange,,,
Wilsonart,Everglade Melange,,,
Wilsonart,Fawn Mirage,,,
Wilsonart,Flagstone,9038EA,Beach Pro,4230
Wilsonart,Fossil Riverstone,9117RS,Stone Pro,4222
Wilsonart,French Blue Melange,9024ML,Pewter Pro,4518
Wilsonart,Fresco Creta,,,
Wilsonart,Frosty White,1537SL,Milk Pro,4602
Wilsonart,Frosty White Mirage,1573MG,Milk Pro,4602
Wilsonart,Garden Mirage,,,
Wilsonart,Garnet Glitz,9109CS,Chestnut Pro,4644
Wilsonart,Gold Glitz,9108CS,Roast Pro,4332
Wilsonart,Graphite Mirage,,,
Wilsonart,Grey Mirage,,,
Wilsonart,Hearthstone,,,
Wilsonart,Herbal Mint,9102GS,Pearl Pro,4510
Wilsonart,Indigo Melange,9027ML,Ocean Pro,4614
Wilsonart,Jade Mirage,,,
Wilsonart,Juniper Mirage,9085MG,Moss Pro,4647
Wilsonart,Khaki Brown Tempest,D50TM,Dune Pro,4310
Wilsonart,Light Beige Mirage,1531MG,Beach Pro,4230
Wilsonart,Maize Mirage,9112MG,Cameo Pro,4120
Wilsonart,Maple Harvest,9106CS,Adobe Pro,4608
Wilsonart,Marzipan Mirage,9130MG,Sand Pro,4216
Wilsonart,Meadow Melange,9113ML,Stone Pro,4222
Wilsonart,Midnight Melange,9091ML,Shale Pro,4525
Wilsonart,Milk & Honey,9103GS,Marble Pro,4106
Wilsonart,Milk Glass Spectra,9077ST,Cameo Pro,4120
Wilsonart,Mineral,,,
Wilsonart,Mojave Melange,9031ML,Beach Pro,4230
Wilsonart,Moon Riverstone,,,
Wilsonart,Moonstruck Mirage,,,
Wilsonart,Natural Almond,D30SL,Ecru Pro,4637
Wilsonart,Nevada,9140EA,Cameo Pro,4120
Wilsonart,Night Stars,9105CS,Pitch Pro,4534
Wilsonart,Northern Melange,9195ML,Pearl Pro,4510
Wilsonart,Nutmeg,9064GG,Nutmeg Pro,4635
Wilsonart,Oatmeal,9101GS,Stone Pro,4222
Wilsonart,Olive Fresco,9059CC,Toffee Pro,4318
Wilsonart,Palmetto,,,
Wilsonart,Palomino,,,
Wilsonart,Paris Fog,9110CS,Stone Pro,4222
Wilsonart,Pawnee Mirage,,,
Wilsonart,Pebble,9036EA,Sand Pro,4216
Wilsonart,Pisa Creta,,,
Wilsonart,Platinum Tempest,,,
Wilsonart,Prairie Sage,,,
Wilsonart,Quarry Melange,9041ML,Dune Pro,4310
Wilsonart,Raspberry Mirage,,,
Wilsonart,Raven Mirage,D426MG,Raven Pro,4645
Wilsonart,Royal Mirage,9028MG,Espresso Pro,4528
Wilsonart,San Gabriel Riverstone,9138RS,Beach Pro,4230
Wilsonart,Sandrift,,,
Wilsonart,Sapphire Mirage,,,
Wilsonart,Sea Mist Mirage,9089MG,Pearl Pro,4510
Wilsonart,Sea Salt Spectra,,,
Wilsonart,Seacrest Mirage,,,
Wilsonart,Sesame,9066GG,Beach Pro,4230
Wilsonart,Sienna Riverstone,9148RS,Roast Pro,4332
Wilsonart,Snowy Mirage,,,
Wilsonart,Sonata Chocolate,9144SN,Coffee Pro,4643
Wilsonart,Sonata Espresso,9191SN,Chocolate Pro,4324
Wilsonart,Sonata Spruce,9053SN,Espresso Pro,4528
Wilsonart,Soothing Grey,9116GS,Milk Pro,4602
Wilsonart,Stardust Spectra,9098ST,Roast Pro,4332
Wilsonart,Steel Grey Tempest,9194TM,Pearl Pro,4510
Wilsonart,Taupe Mirage,,,
Wilsonart,Terrazo,9034EA,Cameo Pro,4120
Wilsonart,Venetian Creta,,,
Wilsonart,White Pepper,9062GG,Beach Pro,4230
Wilsonart,White Sands Mirage,,,
Wilsonart,Whitewater Riverstone,,,
Wilsonart,Woodland Riverstone,,,
Wilsonart,Zen Grey,9115GS,Aluminum Pro,4642
Wilsonart Quartz,Adena,Q4005,Chocolate Pro,4324
Wilsonart Quartz,Araku,Q4003,Cream Pro,4232
Wilsonart Quartz,Arashi,Q4011,Marble Pro,4106
Wilsonart Quartz,Aurora,Q2003,Roast Pro,4332
Wilsonart Quartz,Badaling,Q4001,Canvas Pro,4112
Wilsonart Quartz,Chillkat,Q1013,Toffee Pro,4318
Wilsonart Quartz,Colza,Q4002,Khaki Pro,4236
Wilsonart Quartz,Duomo,Q4007,Fog Pro,4200
Wilsonart Quartz,Gobi,Q1003,Canvas Pro,4112
Wilsonart Quartz,Haida,Q4008,Winter Pro,4101
Wilsonart Quartz,Kabi,Q3004,Misty Pro,4220
Wilsonart Quartz,Kolams,Q4009,Marble Pro,4106
Wilsonart Quartz,Lorraine,Q1012,Marble Pro,4106
Wilsonart Quartz,Lyra,Q2001,Marble Pro,4106
Wilsonart Quartz,Mehndi,Q4004,Ice Pro,4218
Wilsonart Quartz,Niwa,Q1002,Marble Pro,4106
Wilsonart Quartz,Sangda Falls,Q4012,Natural Pro,4214
Wilsonart Quartz,Serene,Q1001,Winter Pro,4101
Wilsonart Quartz,Skye Cliff,Q3001,Canvas Pro,4112
Wilsonart Quartz,Vittorio,Q3005,Misty Pro,4220
Wilsonart Quartz,Xcaret,Q4006,Roast Pro,4332
Zodiaq,Abyss Black,,Shale Pro,4525
Zodiaq,Alabaster,,,
Zodiaq,Alpha Brown,,Caramel Pro,4234
Zodiaq,Antique Pearl,,Beach Pro,4230
Zodiaq,Argil Brown,,,
Zodiaq,Argo Green,,Shale Pro,4525
Zodiaq,Astral Pearl,,Beige Pro,4228
Zodiaq,Autumn Light,,Caramel Pro,4234
Zodiaq,Bianco Assooluto,,,
Zodiaq,Bianco Carrara,,Glacier Pro,4111
Zodiaq,Black Forest,,Lava Pro,4521
Zodiaq,Borealis Blue,,Shale Pro,4525
Zodiaq,Calm Spring,,Pearl Pro,4510
Zodiaq,Cappucino,,Earth Pro,4628
Zodiaq,Caraway,,Earth Pro,4628
Zodiaq,Caroli Red,,Ruby Pro,4629
Zodiaq,Celestial Blue,,Cobalt Pro,4607
Zodiaq,Chalk White,,,
Zodiaq,Charcoal Black,,,
Zodiaq,Chestnut,,Mocha Pro,4322
Zodiaq,Chicory,,Fawn Pro,4316
Zodiaq,Cinnamon Spice,,,
Zodiaq,Clay Brown,,,
Zodiaq,Cloud White,,Winter Pro,4101
Zodiaq,Coarse Carrara,,Winter Pro,4101
Zodiaq,Coarse Marfil,,Flax Pro,4627
Zodiaq,Coarse Pepper,,Mesa Pro,4604
Zodiaq,Concrete Gray,,,
Zodiaq,Copper Sunset,,Copper Pro,4418
Zodiaq,Coriander,,Beach Pro,4230
Zodiaq,Corona Brown,,,
Zodiaq,Crema Botticino,,Canvas Pro,4112
Zodiaq,Crema Marfil,,Canvas Pro,4112
Zodiaq,Cygnus Pearl,,Flax Pro,4627
Zodiaq,Dorado Blue,,,
Zodiaq,Eclipse Blue,,Shale Pro,4525
Zodiaq,Flax,,Fog Pro,4200
Zodiaq,French Roast,,,
Zodiaq,Galaxy Black,,Midnight Pro,4532
Zodiaq,Giallo Michelangelo,,Earth Pro,4628
Zodiaq,Gravel Gray,,,
Zodiaq,Indus Red,,Hot Pro,4617
Zodiaq,Licorice,,Midnight Pro,4532
Zodiaq,Lunar Pearl,,Cream Pro,4232
Zodiaq,Magellan Green,,Olive Pro,4520
Zodiaq,Mahoghany Brown,,,
Zodiaq,Marrone Ambrato,,Copper Pro,4418
Zodiaq,Marrone Emperador,,Auburn Pro,4330
Zodiaq,Mercury Gray,,,
Zodiaq,Meteor Gray,,Lava Pro,4521
Zodiaq,Minera Pearl,,Cream Pro,4232
Zodiaq,Moroccan Morning,,Toffee Pro,4318
Zodiaq,Mossy Green,,Prairie Pro,4516
Zodiaq,Mystic Black,,Midnight Pro,4532
Zodiaq,Nutmeg,,Mesa Pro,4604
Zodiaq,Papyrus,,Flax Pro,4627
Zodiaq,Poppy Seed,,Lava Pro,4521
Zodiaq,Riviera Beige,,,
Zodiaq,Rosso Verona,,,
Zodiaq,Royal Brown,,Mocha Pro,4322
Zodiaq,Saddle Brown,,Cocoa Pro,4323
Zodiaq,Sage,,Pudding Pro,4606
Zodiaq,Sand Beige,,Beach Pro,4230
Zodiaq,Savory,,Cream Pro,4232
Zodiaq,Smokey Topaz,,Olive Pro,4520
Zodiaq,Snow Flurry,,Glacier Pro,4111
Zodiaq,Snow White,,Design Pro,4601
Zodiaq,Space Black,,Espresso Pro,4528
Zodiaq,Sterling,,,
Zodiaq,Storm Grey,,Lava Pro,4521
Zodiaq,Toasted Almond,,Caramel Pro,4234
Zodiaq,Vega Rose,,,
Zodiaq,Vela Brown,,Cocoa Pro,4323
Zodiaq,Vesta Pearl,,,
Zodiaq,Vortex Black,,,
Zodiaq,Warm Taupe,,Olive Pro,4520
Zodiaq,Wintergreen,,Pearl Pro,4510
Zodiaq,Woodland Gray,,Lava Pro,4521